id,sku,primary_barcode,brand_name,generic_name,strength,form,form_custom,manufacturer,therapeutic_category,purchase_unit,base_unit,units_per_purchase,prescription_required,controlled_schedule,tax_code_value,reorder_level,reorder_quantity,reorder_unit,is_active,created_at,updated_at,deleted_at
36,ACE1125-SYR,08964002675821,Acefyl-125,Acefylline Piperazine,125ml,SYRUP,,Nabiqasim Industries (PVT.) LTD,,BOX,BOTTLE,1,f,NONE,EXEMPT,3,0,PURCHASE,t,2026-05-22 10:26:40.539762+00,2026-05-22 10:26:40.539762+00,
209,ACVL400-TAB,08961100510047,Acvlex,Aciclovir 400mg,400mg,TABLET,,Ferozsons Laboratories Limited,,BOX,TABLET,20,f,NONE,EXEMPT,40,0,PURCHASE,t,2026-05-31 08:30:07.582846+00,2026-05-31 08:30:07.582846+00,
107,ACYC-CRM,08961100514694,Acylex Cream 5% 10g,Aciclovir,,CREAM,,Ferozsons Laboratories Limited,,BOX,TUBE,1,f,NONE,EXEMPT,2,0,PURCHASE,t,2026-05-22 14:19:56.837947+00,2026-05-22 14:19:56.837947+00,
272,AGO220-TAB,08964002141197,Agorel 20mg,Piroxicam-β-Cyclodextrin 20mg,20mg,TABLET,,Briell Pharamaceuticals Pvt. Ltd.,,BOX,TABLET,20,f,NONE,EXEMPT,20,0,PURCHASE,t,2026-05-31 10:11:57.398372+00,2026-05-31 10:11:57.398372+00,
328,AME5-AMP,,Amenex-500mg Injection,Tranexamic Acid 500mg Injection,,INJECTION_AMPOULE,,Amaan Pharma,,BOX,INJECTION,10,f,NONE,EXEMPT,4,0,PURCHASE,t,2026-05-31 12:48:00.227435+00,2026-05-31 12:48:00.227435+00,
310,AMK1-AMP,08964001397748,Amkay 100mg/2ml Injection,Amikacin Sulfate 100mg/2ml Injection,,INJECTION_AMPOULE,,Bosch Pharmaceuticals (Pvt.) Ltd.,,BOX,INJECTION,1,f,NONE,EXEMPT,2,0,PURCHASE,t,2026-05-31 12:02:07.859079+00,2026-05-31 12:02:40.181357+00,
311,AMK2-AMP,08964001397755,Amkay 250mg/2ml Injection,Amikacin Sulfate 250mg/2ml Injection,,INJECTION_AMPOULE,,Bosch Pharmaceuticals (Pvt.) Ltd.,,BOX,INJECTION,1,f,NONE,EXEMPT,2,0,PURCHASE,t,2026-05-31 12:05:33.372135+00,2026-06-01 22:13:35.249462+00,
252,AMO2250-CAP,08964001577232,Amoxil 250mg,Amoxycillin 250mg,250mg,CAPSULE,,GlaxoSmithKline Pakistan Limited,,BOX,CAPSULE,100,f,NONE,EXEMPT,100,0,PURCHASE,t,2026-05-31 09:49:26.54222+00,2026-05-31 09:49:26.54222+00,
253,AMO5500-TAB,08964001577249,Amoxil 500mg,Amoxycillin 500mg,500mg,TABLET,,GlaxoSmithKline Pakistan Limited,,BOX,TABLET,100,f,NONE,EXEMPT,100,0,PURCHASE,t,2026-05-31 09:50:09.881659+00,2026-05-31 09:50:09.881659+00,
146,AMRO2-INJ,,Amroplex,Vitamin B-Complex,2ml,INJECTION,,Marcos Pharmaceuticals,,BOX,INJECTION,25,f,NONE,EXEMPT,25,0,PURCHASE,t,2026-05-23 09:21:49.94771+00,2026-05-23 09:21:49.94771+00,
175,ANG0-TAB,08964001480105,Angised 0.5mg,Glyceryl Trinitrate 0.5mg,,TABLET,,GlaxoSmithKline Pakistan Limited,,BOX,TABLET,60,f,NONE,EXEMPT,120,0,PURCHASE,t,2026-05-23 10:28:19.059642+00,2026-05-23 10:28:19.059642+00,
274,AQUI5-AMP,,Aqua I.V Injection 5ml,Water For Injection,5ml,INJECTION_AMPOULE,,Novartana Phanaceuticals PVT Ltd,,BOX,INJECTION,100,f,NONE,EXEMPT,50,0,PURCHASE,t,2026-05-31 10:33:26.918279+00,2026-05-31 10:33:26.918279+00,
259,ARI220030-TAB,08002660021977,Arinac 200mg/30mg,Ibuprofen 200mg + Pseudoephedrine HCl 30mg,200mg/30mg,TABLET,,Abbott Laboratories (Pakistan) Ltd,,BOX,TABLET,100,f,NONE,EXEMPT,30,0,PURCHASE,t,2026-05-31 09:57:37.621029+00,2026-05-31 09:57:37.621029+00,
260,ARI440060-TAB,08002660021946,Arinac 400mg/60mg,Ibuprofen 200mg + Pseudoephedrine HCl 30mg,400mg/60mg,TABLET,,Abbott Laboratories (Pakistan) Ltd,,BOX,TABLET,100,f,NONE,EXEMPT,30,0,PURCHASE,t,2026-05-31 09:58:50.19379+00,2026-05-31 09:59:07.012447+00,
213,ARTP80480-TAB,08961101693497,Artecxin Plus,Artemether + Lumefantrine,80mg/480mg,TABLET,,Highnoon Laboratories Ltd,,BOX,TABLET,6,f,NONE,EXEMPT,18,0,PURCHASE,t,2026-05-31 08:34:17.430579+00,2026-05-31 08:34:17.430579+00,
367,ATEN-NEB,08025153004035,Atem Nebuliser Solution 0.50mg/2ml,Ipratropium bromide Eur.Ph,,NEBULIZER_SOLUTION,,Chiesi Pharmaceuticals (Pvt.) Ltd,,BOX,PACK,10,f,NONE,EXEMPT,5,0,PURCHASE,t,2026-06-01 16:37:21.91864+00,2026-06-01 16:37:21.91864+00,
233,AUGM625-TAB,08964001578604,Augmentin,Co-amoxiclav 625mg,625mg,TABLET,,GlaxoSmithKline Pakistan Limited,,BOX,TABLET,12,f,NONE,EXEMPT,24,0,PURCHASE,t,2026-05-31 09:31:30.27365+00,2026-05-31 09:31:43.426253+00,
377,AVII-AMP,,Avilon Injection 2ml,Pheniramine Maleate U.S.P,,INJECTION_AMPOULE,,Harmann Pharmaceutical Laboratories,,BOX,INJECTION,100,f,NONE,EXEMPT,20,0,PURCHASE,t,2026-06-01 23:31:51.622052+00,2026-06-01 23:31:51.622052+00,
301,AVIU-INJ,,Avilon USP Injection,Pheniramine Maleate USP Injection,,INJECTION,,Harmann Pharmaceutical Laboratories,,BOX,INJECTION,100,f,NONE,EXEMPT,20,0,PURCHASE,f,2026-05-31 11:45:58.340897+00,2026-06-01 23:47:58.897709+00,2026-06-01 23:47:58.897709+00
275,AXE440-CAP,08961101690656,Axesom 40mg,Esomeprazole 40mg,40mg,CAPSULE,,Highnoon Laboratories Ltd,,BOX,CAPSULE,14,f,NONE,EXEMPT,14,0,PURCHASE,t,2026-05-31 10:35:59.177962+00,2026-05-31 10:35:59.177962+00,
152,AZIP2005-SUS,08964001642015,Azipos,Azithromycin,200mg/5ml,SUSPENSION,,Highnoon Laboratories Ltd,,BOX,BOTTLE,1,f,NONE,EXEMPT,2,0,PURCHASE,t,2026-05-23 09:35:19.699735+00,2026-05-23 09:35:19.699735+00,
250,AZI5500-TAB,08964001641735,Azipos 500mg,Azithromycin 500mg,500mg,TABLET,,Highnoon Laboratories Ltd,,BOX,TABLET,6,f,NONE,EXEMPT,12,0,PURCHASE,t,2026-05-31 09:47:47.860991+00,2026-05-31 09:47:47.860991+00,
154,AZIT-SUS,,Azit,Azithromycin,,SUSPENSION,,Raazee Therapeutics (Pvt.) Ltd,,BOX,BOTTLE,1,f,NONE,EXEMPT,3,0,PURCHASE,t,2026-05-23 09:38:36.441087+00,2026-05-23 09:38:36.441087+00,
242,AZIT500-TAB,08964001921158,Azitma,Azithromycin 500mg,500mg,TABLET,,SAMI Pharmaceuticals (Pvt.) Ltd,,BOX,TABLET,6,f,NONE,EXEMPT,12,0,PURCHASE,t,2026-05-31 09:40:37.232299+00,2026-05-31 09:40:37.232299+00,
199,AZOM2005-SUS,08961101541835,Azomax,Azithromycin,200mg/5ml,SUSPENSION,,OBS Pharma (Pvt.) Ltd,,BOX,BOTTLE,1,f,NONE,EXEMPT,3,0,PURCHASE,t,2026-05-31 07:54:16.074722+00,2026-05-31 07:54:16.074722+00,
244,AZO5500-TAB,08961101541828,Azomax 500,Azithromycin 500mg,500mg,TABLET,,OBS Pharma (Pvt.) Ltd,,BOX,TABLET,6,f,NONE,EXEMPT,12,0,PURCHASE,t,2026-05-31 09:42:29.602738+00,2026-05-31 09:42:29.602738+00,
148,B1-INJ,,B-12,Cyanocobalamin,,INJECTION,,Ameer Pharma (Pvt.) Ltd,,BOX,INJECTION,25,f,NONE,EXEMPT,25,0,PURCHASE,t,2026-05-23 09:24:24.386841+00,2026-05-23 09:24:24.386841+00,
116,BVTM-TAB,,BVTON Multivitamin,Multivitamin + Zinc,,TABLET,,Paragon Laboratories,,BOX,TABLET,20,f,NONE,EXEMPT,40,0,PURCHASE,t,2026-05-23 05:34:43.024786+00,2026-05-23 05:34:43.024786+00,
214,BACL10-TAB,08964001580010,Baclin,Baclofen 10mg,10mg,TABLET,,Genome Pharamaceuticals PVT Ltd,,BOX,TABLET,30,f,NONE,EXEMPT,60,0,PURCHASE,t,2026-05-31 08:38:24.920761+00,2026-05-31 08:38:24.920761+00,
335,BAC5-INJ,,Bactiphin  500mg Injection (IM),Ceftriaxone Sodium USP 500mg Injection (IM),,INJECTION,,Rasco Pharma,,BOX,INJECTION,1,f,NONE,EXEMPT,3,0,PURCHASE,t,2026-05-31 12:59:00.780392+00,2026-05-31 12:59:00.780392+00,
334,BAC1-INJ,,Bactiphin 1g Injection (IV),Ceftriaxone Sodium USP 1g Injection (IV),,INJECTION,,Rasco Pharma,,BOX,INJECTION,1,f,NONE,EXEMPT,3,0,PURCHASE,t,2026-05-31 12:58:09.695211+00,2026-05-31 12:58:09.695211+00,
87,BETN-EYE,,"Betabisol-N Drops for Eye, Ear and Nose",Betamethasone sodium Phosphate B.P. 0.1% w/v + Neomycin sulphate B.P. 0.5% w/v,,EYE_DROPS,,ISIS Pharmaceuticals & Chemical Works,,BOX,DROP,1,f,NONE,EXEMPT,3,0,PURCHASE,t,2026-05-22 12:45:04.117212+00,2026-05-22 12:45:04.117212+00,
110,BETG-CRM,08964002558780,Betawis-G Cream 15g,Betamethasone Dipropionate + Gentamicin Sulphate,,CREAM,,Caraway Pharmaceuticals,,BOX,TUBE,1,f,NONE,EXEMPT,2,0,PURCHASE,t,2026-05-22 14:28:50.841232+00,2026-05-22 14:28:50.841232+00,
188,BET005-TAB,08964001577423,Betnelan 0.5mg,Betamethasone 0.5mg,0.5mg,TABLET,,GlaxoSmithKline Pakistan Limited,,BOX,TABLET,500,f,NONE,EXEMPT,500,0,PURCHASE,t,2026-05-23 10:51:48.925631+00,2026-06-01 14:13:59.985068+00,
82,BIOL-LOT,,Bioscab Lotion,Permethrin BP,,LOTION,,Bio-Labs (Private) Limited,,BOX,BOTTLE,1,f,NONE,EXEMPT,3,0,PURCHASE,t,2026-05-22 12:25:26.689273+00,2026-05-22 12:25:26.689273+00,
276,BIOZ30-CAP,00140306,Biozodex,Dexlansoprazole 30mg,30mg,CAPSULE,,Bio-Labs (Private) Limited,,BOX,CAPSULE,30,f,NONE,EXEMPT,20,0,PURCHASE,t,2026-05-31 10:37:05.246827+00,2026-05-31 10:37:05.246827+00,
373,BIS9-SPR,08964001924845,Bisleri 90ml,Iron 111 Hydroxide & Polymaltose Complex,,SPRAY,,SAMI Pharmaceuticals (Pvt.) Ltd,,BOX,BOTTLE,1,f,NONE,EXEMPT,1,0,PURCHASE,t,2026-06-01 20:41:10.911726+00,2026-06-01 20:41:10.911726+00,
115,BISC-TAB,08964001921219,Bisleri Chewable,Iron (III) Hydroxide Polymaltose Complex + Folic Acid,,TABLET,,SAMI Pharmaceuticals (Pvt.) Ltd,,BOX,TABLET,30,f,NONE,EXEMPT,60,0,PURCHASE,t,2026-05-23 05:32:00.321022+00,2026-06-01 15:06:08.040009+00,
179,BRO3-TAB,,Brozam 3mg,Bromazepam 3mg,,TABLET,,Bio-Labs (Private) Limited,,BOX,TABLET,30,f,NONE,EXEMPT,60,0,PURCHASE,t,2026-05-23 10:36:34.481865+00,2026-06-01 18:53:06.049954+00,
205,BRUD-SYR,,Brufen Drops,Ibuprofen 100mg/5ml,,SYRUP,,Abbott Laboratories (Pakistan) Ltd,,BOX,BOTTLE,1,f,NONE,EXEMPT,0,0,PURCHASE,t,2026-05-31 08:10:35.214515+00,2026-05-31 08:10:35.214515+00,
111,BUSC-CRM,,Busid Cream 15g,Fusidic Acid,,CREAM,,Bio-Labs (Private) Limited,,BOX,TUBE,1,f,NONE,EXEMPT,2,0,PURCHASE,t,2026-05-22 14:30:39.067956+00,2026-05-22 14:30:39.067956+00,
113,BUSB-CRM,,Busid-B Cream 15gm,Fusidic Acid + Betamethasone Valerate,,CREAM,,Bio-Labs (Private) Limited,,BOX,TUBE,1,f,NONE,EXEMPT,2,0,PURCHASE,t,2026-05-23 05:27:26.081129+00,2026-05-23 05:27:26.081129+00,
350,BUTF-OTH,,Butter Fly,Butter Fly,,OTHER,,,,BOX,TEST_STRIP,1,f,NONE,EXEMPT,5,0,PURCHASE,t,2026-05-31 14:03:08.643171+00,2026-05-31 14:03:08.643171+00,
85,CHLE-EAR,08964002271627,CHLORAMPHENICOL Ear Drops,Chloramphenicol 1.0% w/v,,EAR_DROPS,,AMROS PHARMACEUTICALS,,BOX,DROP,1,f,NONE,EXEMPT,2,0,PURCHASE,t,2026-05-22 12:34:43.158338+00,2026-05-22 12:34:43.158338+00,
46,CONL-LOT,,CONAZ Lotion 60ml,Ketoconazole Shampoo BP,,LOTION,,ATCO Laboratories Limited,,BOX,BOTTLE,1,f,NONE,EXEMPT,2,0,PURCHASE,t,2026-05-22 11:53:51.088157+00,2026-05-22 11:53:51.088157+00,
126,CAC1-TAB,08964004257254,CaC-1000 Plus Effervescent Tablets,Calcium Carbonate + Calcium Gluconate + Vitamin C + Vitamin D3 + Vitamin B6,,TABLET,,Haleon Pakistan Limited,,BOX,TABLET,10,f,NONE,EXEMPT,10,0,PURCHASE,t,2026-05-23 06:02:04.773517+00,2026-05-23 06:02:04.773517+00,
357,CAL1-LOT,,Calamine 120ml,Lotion USP for Heatrash,,LOTION,,Jawa Pharmaceuticals Pvt. Ltd,,BOX,BOTTLE,1,f,NONE,EXEMPT,0,0,PURCHASE,t,2026-06-01 13:45:27.956814+00,2026-06-01 13:45:27.956814+00,
197,CALA15625-SUS,08964001397250,Calamox,Co-amoxiclav (Amoxicillin + Clavulanic Acid),156.25mg/5ml,SUSPENSION,,Bosch Pharmaceuticals (Pvt.) Ltd.,,BOX,BOTTLE,1,f,NONE,EXEMPT,2,0,PURCHASE,t,2026-05-31 07:45:15.97475+00,2026-05-31 07:45:15.97475+00,
101,CAPA-GEL,,Capgel Analgesic Cream 25g,Capsicum + Wintergreen Oil,,GEL,,Paragon Laboratories,,BOX,TUBE,1,f,NONE,EXEMPT,2,0,PURCHASE,t,2026-05-22 14:06:28.456178+00,2026-05-22 14:06:28.456178+00,
177,CAPO50-TAB,08964001589570,Capoten,Captopril,50mg,TABLET,,GlaxoSmithKline Pakistan Limited,,BOX,TABLET,20,f,NONE,EXEMPT,40,0,PURCHASE,t,2026-05-23 10:30:27.692792+00,2026-05-23 10:30:27.692792+00,
198,CARI1005-SUS,08964001921301,Caricef,Cefixime Trihydrate,100mg/5ml,SUSPENSION,,SAMI Pharmaceuticals (Pvt.) Ltd,,BOX,BOTTLE,1,f,NONE,EXEMPT,3,0,PURCHASE,t,2026-05-31 07:51:21.64569+00,2026-05-31 07:51:21.64569+00,
200,CEFD50-DRP,08964001399261,Cefalor Drops,Cefaclor,50mg/ml,DROPS,,Bosch Pharmaceuticals (Pvt.) Ltd.,,BOX,DROP,1,f,NONE,EXEMPT,3,0,PURCHASE,t,2026-05-31 07:56:08.493861+00,2026-05-31 07:56:08.493861+00,
84,CIPS-EAR,08964001535676,Cipocain Sterile Ear Drops,Ciprofloxacin + Lignocaine,,EAR_DROPS,,Barrett Hodgson Pakistan (Pvt) Ltd,,BOX,DROP,1,f,NONE,EXEMPT,2,0,PURCHASE,t,2026-05-22 12:32:05.970357+00,2026-06-01 13:50:59.988103+00,
1,CITR150-SYR,08964001705079,Citralka,Disodium Hydrogen Citrate,150ml,SYRUP,,Lucky Core Industries Limitied,,BOX,BOTTLE,1,f,NONE,EXEMPT,3,0,PURCHASE,t,2026-05-22 09:55:45.247155+00,2026-05-22 09:55:45.247155+00,
135,CITL5-SCH,08002660022271,CitroSoda Lemon Flavoured,CitroSoda Effervescent Granules,5gm,SACHET,,Abbott Laboratories (Pakistan) Ltd,,BOX,SACHET,20,f,NONE,EXEMPT,20,0,PURCHASE,t,2026-05-23 06:43:44.809257+00,2026-05-23 06:43:44.809257+00,
248,CIV5500-TAB,08964002141012,Civox 500mg,Ciprofloxacin 500mg,500mg,TABLET,,Briell Pharamaceuticals Pvt. Ltd.,,BOX,TABLET,10,f,NONE,EXEMPT,20,0,PURCHASE,t,2026-05-31 09:46:06.050829+00,2026-05-31 09:46:06.050829+00,
136,CLEF-SUS,08025153004042,Clenil for Aerosol Nebulizer Suspension Vials,Beclomethasone Dipropionate (EP),,SUSPENSION,,Chiesi Pharmaceuticals (Pvt.) Ltd,,BOX,VIAL,10,f,NONE,EXEMPT,10,0,PURCHASE,t,2026-05-23 06:49:34.499921+00,2026-05-23 06:49:34.499921+00,
102,CLOC-CRM,,Clobederm Cream 20g,Clobetasol Propionate,,CREAM,,ATCO Laboratories Limited,,BOX,TUBE,1,f,NONE,EXEMPT,2,0,PURCHASE,t,2026-05-22 14:08:01.906428+00,2026-05-22 14:08:01.906428+00,
91,COLD-DRP,,Colic Drops,"Elettaria cardamomum, Cinnamomum cassia, Zingiber officinale, Hyoscyamus niger, Foeniculum vulgare",,DROPS,,Vedic Laboratories,,BOX,DROP,1,f,NONE,EXEMPT,3,0,PURCHASE,t,2026-05-22 13:19:41.70444+00,2026-05-22 13:19:41.70444+00,
226,COM44006-TAB,08961101693886,Combivair 400,Budesonide + Formoterol Fumarate 400mcg/6mcg,400mcg/6mcg,TABLET,,Highnoon Laboratories Ltd,,BOX,TABLET,39,f,NONE,EXEMPT,80,0,PURCHASE,t,2026-05-31 08:51:38.307686+00,2026-05-31 08:51:38.307686+00,
363,CORZ-TAB,,Cor-Zee,Cal.1000mg+D3Vit.800IU+Vit.A1000IU+Vit.K(MK7),,TABLET,,Paragon Laboratories,,BOX,TABLET,20,f,NONE,EXEMPT,19,0,PURCHASE,t,2026-06-01 15:27:49.856875+00,2026-06-01 15:27:49.856875+00,
351,CRA2-OTH,,Cranula 22G,Cranula 22G,,OTHER,,,,BOX,Cranula 22G,1,f,NONE,EXEMPT,5,0,PURCHASE,t,2026-05-31 14:04:48.831309+00,2026-05-31 14:09:40.131899+00,
2,CREM120-SYR,,Cremaffin,Cream of Magnesia with liquid Paraffin,120ml,SYRUP,,Abbott Laboratories Pakistan,,BOX,BOTTLE,1,f,NONE,EXEMPT,3,0,PURCHASE,t,2026-05-22 10:13:50.014624+00,2026-05-22 10:13:50.014624+00,
238,CYRO500-TAB,08961101692230,Cyrocin,Ciprofloxacin 500mg,500mg,TABLET,,Highnoon Laboratories Ltd,,BOX,TABLET,8,f,NONE,EXEMPT,20,0,PURCHASE,t,2026-05-31 09:36:57.209419+00,2026-05-31 09:36:57.209419+00,
264,CYT110-TAB,08964001806097 202910 41264 CytotrexateTab.10mgMRPRs.571.00,Cytotrexate 10mg,Methotrexate 10mg,10mg,TABLET,,Lahore Chemical & Pharmaceutical Works (Pvt.) Ltd.,,BOX,TABLET,10,f,NONE,EXEMPT,10,0,PURCHASE,t,2026-05-31 10:05:02.693493+00,2026-05-31 10:05:02.693493+00,
185,DAF5500-TAB,08964001720041,Daflon 500mg,Micronized Purified Flavonoid Fraction 500mg,500mg,TABLET,,Servier Research & Pharamaceuticals PVT Ltd,,BOX,TABLET,20,f,NONE,EXEMPT,40,0,PURCHASE,t,2026-05-23 10:46:24.532852+00,2026-06-01 18:56:38.385722+00,
371,DAF5-TAB,08964001720041,Daflon 500mg,micronized Purified Flavonoid fraction,,TABLET,,Servier Research & Pharamaceuticals PVT Ltd,,BOX,TABLET,20,f,NONE,EXEMPT,10,0,PURCHASE,f,2026-06-01 18:52:06.531669+00,2026-06-01 18:55:40.05192+00,2026-06-01 18:55:40.05192+00
193,DANI40-INJ,08964002122110,Danacort Injection,Triamcinolone Acetonide 40mg/ml,40mg/m,INJECTION,,Danaas Pharamacuticals PVT Ltd,,BOX,INJECTION,1,f,NONE,EXEMPT,3,0,PURCHASE,t,2026-05-23 11:15:10.784106+00,2026-06-01 18:37:14.305571+00,
228,DAND10-TAB,08961101772437,Danzen DS,Serratiopeptidase 10mg,10mg,TABLET,,Helix Pharma (Pvt.) Ltd,,BOX,TABLET,19,f,NONE,EXEMPT,40,0,PURCHASE,t,2026-05-31 08:55:00.703617+00,2026-05-31 08:55:00.703617+00,
223,DAPL10-TAB,08961101691608,Daploz,Dapagliflozin 10mg,10mg,TABLET,,Highnoon Laboratories Ltd,,BOX,TABLET,14,f,NONE,EXEMPT,28,0,PURCHASE,t,2026-05-31 08:48:44.780167+00,2026-05-31 08:48:44.780167+00,
159,DAPL5-TAB,08961101691592,Daploz,Dapagliflozin 5mg,5mg,TABLET,,Highnoon Laboratories Ltd,,BOX,TABLET,14,f,NONE,EXEMPT,28,0,PURCHASE,t,2026-05-23 10:06:12.488303+00,2026-05-23 10:06:12.488303+00,
131,DAVS-SCH,,Davis's Cranberry Sachets,Cranberry Extract (Herbal),,SACHET,,Davis Pharmaceutical Lab,,BOX,SACHET,10,f,NONE,EXEMPT,10,0,PURCHASE,t,2026-05-23 06:17:06.964799+00,2026-05-23 06:17:06.964799+00,
291,DEF110-TAB,08964002142125,Deflux 10mg,Domperidone 10mg,10mg,TABLET,,Briell Pharamaceuticals Pvt. Ltd.,,BOX,TABLET,50,f,NONE,EXEMPT,30,0,PURCHASE,t,2026-05-31 10:56:31.20136+00,2026-05-31 10:56:31.20136+00,
45,DEFS1-SYR,08964002141371,Deflux Suspension 60ml,Domperidone,1mg/ml,SYRUP,,Briell Pharamaceuticals Pvt. Ltd.,,BOX,BOTTLE,1,f,NONE,EXEMPT,3,0,PURCHASE,t,2026-05-22 11:46:55.798338+00,2026-05-22 11:47:14.423191+00,
176,DELT5-TAB,08964001705437,Deltacortril,Prednisolone 5mg (Enteric Coated),5mg,TABLET,,Lucky Core Industries Limited,,BOX,TABLET,100,f,NONE,EXEMPT,200,0,PURCHASE,t,2026-05-23 10:29:21.408505+00,2026-05-23 10:29:21.408505+00,
105,DERC-CRM,08964001590224,Dermovate Cream 20g,Clobetasol,,CREAM,,GlaxoSmithKline Pakistan Limited,,BOX,TUBE,1,f,NONE,EXEMPT,2,0,PURCHASE,t,2026-05-22 14:15:35.311684+00,2026-05-22 14:15:35.311684+00,
144,DEX4-AMP,,Dexicort 4mg,Dexamethasone Phosphate,,INJECTION_AMPOULE,,IQRA Pharmaceuticals,,BOX,INJECTION,25,f,NONE,EXEMPT,25,0,PURCHASE,t,2026-05-23 09:18:26.494355+00,2026-05-23 09:18:26.494355+00,
347,DEX1-IVF,,Dextrose 10% 1000ml,Dextrose 10% 1000ml,,IV_FLUID,,,,BOX,BOTTLE,1,f,NONE,EXEMPT,3,0,PURCHASE,t,2026-05-31 13:49:10.547997+00,2026-05-31 13:49:10.547997+00,
344,DEX5Dextrose -IVF,,Dextrose 5% 1000ml,Dextrose 5% 1000ml,,IV_FLUID,,,,BOX,BOTTLE,1,f,NONE,EXEMPT,2,0,PURCHASE,t,2026-05-31 13:29:57.884697+00,2026-05-31 13:51:20.561412+00,
343,DEX5-IVF,,Dextrose 5% 500ml,Dextrose 5% 500ml,,IV_FLUID,,,,BOX,BOTTLE,1,f,NONE,EXEMPT,3,0,PURCHASE,t,2026-05-31 13:27:44.633564+00,2026-05-31 13:47:07.901154+00,
269,DICD-CAP,,DicMark DR-50,Diclofenac Sodium 50mg,,CAPSULE,,Himaark Laboratories PVT Ltd,,BOX,CAPSULE,20,f,NONE,EXEMPT,10,0,PURCHASE,t,2026-05-31 10:09:41.309311+00,2026-05-31 10:09:41.309311+00,
279,DIC550-TAB,,Dicloran 50mg,Diclofenac Sodium 50mg,50mg,TABLET,,SAMI Pharmaceuticals (Pvt.) Ltd,,BOX,TABLET,30,f,NONE,EXEMPT,20,0,PURCHASE,t,2026-05-31 10:43:04.635046+00,2026-05-31 10:43:04.635046+00,
366,DICG-GEL,08964001921417,Dicloran Gel Double Strength,Diclofen Diethyl Ammonium Salt,,GEL,,SAMI Pharmaceuticals (Pvt.) Ltd,,BOX,TUBE,1,f,NONE,EXEMPT,1,0,PURCHASE,t,2026-06-01 16:00:18.850351+00,2026-06-01 16:01:49.780131+00,
411,DICT-TAB,08964001921424,Dicloran Tablets 50mg,Diclofenace Sodium,,TABLET,,SAMI Pharmaceuticals (Pvt.) Ltd,,BOX,TABLET,30,f,NONE,EXEMPT,10,0,PURCHASE,t,2026-06-01 23:39:14.790922+00,2026-06-01 23:39:14.790922+00,
306,DOL7-AMP,,Dolnot 75mg Injection,Diclofenac Sodium 75mg Injection,,INJECTION_AMPOULE,,P.D.H Laboratories PVT Ltd,,BOX,INJECTION,100,f,NONE,EXEMPT,30,0,PURCHASE,t,2026-05-31 11:56:02.078988+00,2026-05-31 11:56:02.078988+00,
151,DORC2100-IVF,,Dorcip,Ciprofloxacin (as lactate),2mg/ml - 100ml,INFUSION,,Trigon Pharmaceuticals Pvt Ltd,,BOX,BOTTLE,1,f,NONE,EXEMPT,2,0,PURCHASE,t,2026-05-23 09:33:29.454647+00,2026-05-23 09:33:29.454647+00,
194,DUP666710-SYR,08002660021748,Duphalac 66.7g/100ml,Lactulose,66.7g/100ml,SYRUP,,Abbott Laboratories (Pakistan) Ltd,,BOX,BOTTLE,1,f,NONE,EXEMPT,3,0,PURCHASE,t,2026-05-31 07:41:33.799957+00,2026-05-31 07:41:33.799957+00,
141,DUP110-TAB,08002660021762,Duphaston 10mg,Dydrogesterone,10mg,TABLET,,Abbott Laboratories (Pakistan) Ltd,,BOX,TABLET,20,f,NONE,EXEMPT,40,0,PURCHASE,t,2026-05-23 09:03:35.392189+00,2026-05-23 09:03:35.392189+00,
240,ECA4400-TAB,08964001921486,Ecasil 400mg,Linezolid 400mg,400mg,TABLET,,SAMI Pharmaceuticals (Pvt.) Ltd,,BOX,TABLET,12,f,NONE,EXEMPT,12,0,PURCHASE,t,2026-05-31 09:38:43.553642+00,2026-05-31 09:38:43.553642+00,
239,ECA6600-TAB,08964001921493,Ecasil 600mg,Linezolid,600mg,TABLET,,SAMI Pharmaceuticals (Pvt.) Ltd,,BOX,TABLET,12,f,NONE,EXEMPT,12,0,PURCHASE,t,2026-05-31 09:37:42.024861+00,2026-05-31 09:38:03.964708+00,
247,EFI4400-CAP,08961101691189,Efix 400mg,Cefixime 400mg,400mg,CAPSULE,,Highnoon Laboratories Ltd,,BOX,CAPSULE,5,f,NONE,EXEMPT,0,0,PURCHASE,t,2026-05-31 09:45:17.229009+00,2026-05-31 09:45:17.229009+00,
153,EFID2005-SUS,08961101691202,Efix DS,Cefixime,200mg/5ml,SUSPENSION,,Highnoon Laboratories Ltd,,BOX,BOTTLE,1,f,NONE,EXEMPT,3,0,PURCHASE,t,2026-05-23 09:37:17.725906+00,2026-05-23 09:37:17.725906+00,
221,EGZO10-TAB,,Egzox,Loratadine 10mg,10mg,TABLET,,Himaark Laboratories PVT Ltd,,BOX,TABLET,10,f,NONE,EXEMPT,20,0,PURCHASE,t,2026-05-31 08:46:53.862581+00,2026-05-31 08:46:53.862581+00,
196,ENT225032-TAB,,Entamizole 250mg/320mg,Diloxanide Furoate + Metronidazole Benzoate,250mg/320mg,TABLET,,,,BOX,BOTTLE,1,f,NONE,EXEMPT,3,0,PURCHASE,t,2026-05-31 07:43:44.82736+00,2026-05-31 07:43:44.82736+00,
324,ENT2-SOL,03582910034988,Enterogermina 2B 2 Billion/5ml,Bacillus Clausii Spores 2 Billion/5ml,,ORAL_SOLUTION,,Hoechst Pakistan,,BOX,BOTTLE,20,f,NONE,EXEMPT,10,0,PURCHASE,t,2026-05-31 12:42:46.366394+00,2026-05-31 12:42:46.366394+00,
257,ENTP630-TAB,,Entox-P,attapulgit 630mg,630mg,TABLET,,Lucky Core Industries Limitied,,BOX,TABLET,100,f,NONE,EXEMPT,30,0,PURCHASE,t,2026-05-31 09:55:57.908967+00,2026-05-31 09:55:57.908967+00,
139,ENVE-TAB,08964004252075,Envepe,Doxylamine Succinate 10mg + Pyridoxine HCl 10mg,,TABLET,,RG Pharmaceutica (Pvt.) Ltd,,BOX,TABLET,30,f,NONE,EXEMPT,30,0,PURCHASE,t,2026-05-23 08:59:38.771442+00,2026-05-23 08:59:38.771442+00,
190,EPI5-TAB,08002660031693,Epival 500mg,Divalproex Sodium 500mg,,TABLET,,Abbott Laboratories Pakistan,,BOX,TABLET,100,f,NONE,EXEMPT,100,0,PURCHASE,t,2026-05-23 11:07:01.426158+00,2026-05-23 11:07:50.321447+00,
325,ESO4-VIA,,Esomezka 40mg IV Injection,Esomeprazole 40mg IV Injection (Lyophilized),,INJECTION_VIAL,,Bio-Labs (Private) Limited,,BOX,VIAL,1,f,NONE,EXEMPT,3,0,PURCHASE,t,2026-05-31 12:44:22.511425+00,2026-05-31 12:44:22.511425+00,
379,ETO3-AMP,08964001604617,Etorac 30mg Injection,Ketorolac Tromethamine USP,,INJECTION_AMPOULE,,Global Pharmaceuticals PVT Ltd,,BOX,INJECTION,10,f,NONE,EXEMPT,2,0,PURCHASE,t,2026-06-01 23:36:49.980978+00,2026-06-01 23:36:49.980978+00,
124,EVI4400-CAP,08964001518686,Evion 400mg Capsules,(Vitamin E),400mg,CAPSULE,,Martin Dow Marker Ltd,,BOX,TABLET,100,f,NONE,EXEMPT,100,0,PURCHASE,t,2026-05-23 05:54:04.232808+00,2026-05-23 05:54:04.232808+00,
125,EVI6-CAP,08964001518693,Evion 600mg Capsules,(Vitamin E),,CAPSULE,,Martin Dow Marker Ltd,,BOX,TABLET,100,f,NONE,EXEMPT,100,0,PURCHASE,t,2026-05-23 05:56:06.39824+00,2026-05-23 05:56:06.39824+00,
171,EXT1-TAB,08964001788461,Extor 10/160,Amlodipine + Valsartan 10mg/160mg,,TABLET,,The Searle Company Limited,,BOX,TABLET,14,f,NONE,EXEMPT,28,0,PURCHASE,t,2026-05-23 10:23:45.121751+00,2026-05-23 10:23:45.121751+00,
170,EXT5580-TAB,08964001788447,Extor 5/80,Amlodipine + Valsartan 5mg/80mg,5mg/80mg,TABLET,,The Searle Company Limited,,BOX,TABLET,14,f,NONE,EXEMPT,28,0,PURCHASE,t,2026-05-23 10:22:51.94541+00,2026-05-23 10:22:51.94541+00,
173,EZI5-TAB,08964001669340,Eziday 50mg,Losartan Potassium 50mg,,TABLET,,Werrick Pharmaceuticals,,BOX,TABLET,20,f,NONE,EXEMPT,40,0,PURCHASE,t,2026-05-23 10:25:43.763071+00,2026-05-23 10:25:43.763071+00,
303,FS-INJ,,F-SIX 10mg/ml Injection,Frusemide 10mg/ml Injection,,INJECTION,,Swiss Pharmaceuticals PVT Ltd,,BOX,INJECTION,50,f,NONE,EXEMPT,12,0,PURCHASE,t,2026-05-31 11:50:12.333748+00,2026-05-31 11:50:12.333748+00,
121,FERF-TAB,,Ferofort-F Tablets,Iron (III) Hydroxide Polymaltose Complex + Folic Acid,,TABLET,,Bio-Labs (Private) Limited,,BOX,TABLET,10,f,NONE,EXEMPT,30,0,PURCHASE,t,2026-05-23 05:45:49.867489+00,2026-05-23 05:45:49.867489+00,
149,FLAG120-SYR,08964001484356,Flagyl,Benzoyl Metronidazole,120ml,SYRUP,,Hoechst Pakistan,,BOX,BOTTLE,1,f,NONE,EXEMPT,2,0,PURCHASE,t,2026-05-23 09:29:50.01225+00,2026-05-23 09:29:50.01225+00,
263,FLA4400-TAB,,Flagyl 400mg,Metronidazole 400mg,400mg,TABLET,,Hoechst Pakistan,,BOX,TABLET,200,f,NONE,EXEMPT,50,0,PURCHASE,t,2026-05-31 10:02:39.405001+00,2026-05-31 10:02:39.405001+00,
370,FLAI-VIA,08964001483397,Flagyl Injection,Metronidozole,,INJECTION_VIAL,,Hoechst Pakistan,,BOX,INJECTION,1,f,NONE,EXEMPT,2,0,PURCHASE,t,2026-06-01 18:07:30.389477+00,2026-06-01 18:07:30.389477+00,
267,FLU1100-TAB,08964002142316,Flubrifin 100mg,Flurbiprofen 100mg,100mg,TABLET,,Briell Pharamaceuticals Pvt. Ltd.,,BOX,TABLET,30,f,NONE,EXEMPT,20,0,PURCHASE,t,2026-05-31 10:07:39.722278+00,2026-05-31 10:07:39.722278+00,
98,FOCU-PWD,,Focin Ultra Sachet 3gm,Fosfomycin Trometamol,,POWDER,,Tabros Pharma (Pvt.) Ltd,,BOX,PACK,1,f,NONE,EXEMPT,3,0,PURCHASE,t,2026-05-22 13:59:58.071052+00,2026-05-22 13:59:58.071052+00,
94,FOLA-TAB,,Folic Acid Tablets BP 5mg,Folic Acid,,TABLET,,ZAFA Pharmaceutical Laboratories (Private) Limited,,BOX,TABLET,100,f,NONE,EXEMPT,200,0,PURCHASE,t,2026-05-22 13:29:46.014701+00,2026-05-22 13:29:46.014701+00,
180,FUNG-CAP,08964001921622,Fungone,Fluconazole 150mg,,CAPSULE,,SAMI Pharmaceuticals (Pvt.) Ltd,,BOX,CAPSULE,1,f,NONE,EXEMPT,3,0,PURCHASE,t,2026-05-23 10:37:38.767227+00,2026-05-23 10:37:38.767227+00,
108,GT-CRM,,G.T.N Rectal Cream 30g,Nitroglycerine 0.2%,,CREAM,,Galaxy Pharmacy,,BOX,TUBE,1,f,NONE,EXEMPT,2,0,PURCHASE,t,2026-05-22 14:22:38.641389+00,2026-05-22 14:22:38.641389+00,
254,GAB5-CAP,08964000222300,Gabica 500mg,Amoxycillin 500mg,,CAPSULE,,Getz Pharma (Pvt.) Limited,,BOX,CAPSULE,14,f,NONE,EXEMPT,28,0,PURCHASE,t,2026-05-31 09:51:37.846537+00,2026-05-31 09:51:37.846537+00,
3,GAVL-SYR,06001106309886,Gaviscon Liquid,Sodium Alginate + Sodium Bicarbonate + Calcium Carbonate,,SYRUP,,Reckitt Benckiser Pakistan Ltd,,BOX,BOTTLE,1,f,NONE,EXEMPT,3,0,PURCHASE,t,2026-05-22 10:22:09.846814+00,2026-05-22 10:22:09.846814+00,
163,GETR1-TAB,08964002869503,Getryl,Glimepiride 1mg,1mg,TABLET,,Getz Pharma (Pvt.) Limited,,BOX,TABLET,30,f,NONE,EXEMPT,60,0,PURCHASE,t,2026-05-23 10:11:28.06944+00,2026-05-23 10:11:28.06944+00,
164,GET22-TAB,08964002869510,Getryl 2mg,Glimepiride 2mg,2mg,TABLET,,Getz Pharma (Pvt.) Limited,,BOX,TABLET,30,f,NONE,EXEMPT,60,0,PURCHASE,t,2026-05-23 10:12:27.986662+00,2026-05-23 10:12:43.092733+00,
165,GLU5500-TAB,08964001517313,Glucophage 500mg,Metformin Hydrochloride 500mg,500mg,TABLET,,,,BOX,TABLET,50,f,NONE,EXEMPT,100,0,PURCHASE,t,2026-05-23 10:13:29.419344+00,2026-05-23 10:13:29.419344+00,
162,GLUC5005-TAB,08964001517399,Glucovance,Metformin + Glibenclamide,500mg/5mg,TABLET,,Martin Dow Marker Ltd,,BOX,TABLET,30,f,NONE,EXEMPT,60,0,PURCHASE,t,2026-05-23 10:10:21.387702+00,2026-05-23 10:10:21.387702+00,
360,GLYP-OTH,G 509,Glycerin Pure (B.P),Glycerin,,OTHER,Bottle,A.H Pharmaceuticals Pvt. Ltd,,BOX,BOTTLE,1,f,NONE,EXEMPT,1,0,PURCHASE,t,2026-06-01 14:53:54.575387+00,2026-06-01 14:53:54.575387+00,
315,GRAI-AMP,08964001570189,Gravibinan injection,Hydroxyprogesterone Caproate + Estradiol Valerate Injection,,INJECTION_AMPOULE,,OBS Pharma (Pvt.) Ltd,,BOX,INJECTION,1,f,NONE,EXEMPT,2,0,PURCHASE,t,2026-05-31 12:13:43.472649+00,2026-05-31 12:13:43.472649+00,
210,GRAV50-TAB,08964001788492,Gravinate,Dimenhydrinate 50mg,50mg,TABLET,,The Searle Company Limited,,BOX,TABLET,100,f,NONE,EXEMPT,100,0,PURCHASE,t,2026-05-31 08:31:05.344317+00,2026-05-31 08:31:05.344317+00,
300,GRA5-AMP,08964000345450,Gravinate 50mg Injection,Dimenhydrinate 50mg Injection (IM/IV),,INJECTION_AMPOULE,,The Searle Company Limited,,BOX,INJECTION,25,f,NONE,EXEMPT,15,0,PURCHASE,t,2026-05-31 11:43:31.505152+00,2026-05-31 11:43:31.505152+00,
195,HEPM-SYR,08961101531621,Hepa-Merz,L-Ornithine L-Aspartate 300mg + Niacinamide 24mg + Riboflavin Sodium Phosphate 0.76mg per 5ml,,SYRUP,,Brookes Pharma Private Limited,,BOX,BOTTLE,1,f,NONE,EXEMPT,3,0,PURCHASE,t,2026-05-31 07:42:34.732233+00,2026-05-31 07:42:34.732233+00,
270,HIN220-TAB,,Hinocam 20mg,Piroxicam-β-Cyclodextrin 20mg,20mg,TABLET,,Highnoon Laboratories Ltd,,BOX,TABLET,20,f,NONE,EXEMPT,10,0,PURCHASE,t,2026-05-31 10:10:36.850828+00,2026-05-31 10:10:36.850828+00,
89,HYDP-OTH,,Hydrogen Peroxide,Hydrogen Peroxide,,OTHER,,Spectrum Laboratries PVT LTD,,BOX,BOTTLE,1,f,NONE,EXEMPT,3,0,PURCHASE,t,2026-05-22 13:07:28.271528+00,2026-05-22 13:07:28.271528+00,
38,HYDR120-SYR,08964001788850,HydryllinDM,Diphenhydramine HCL BP and Dextromethorphan HBR. BP,120ml,SYRUP,,The Searle Company Limited,,BOX,BOTTLE,1,f,NONE,EXEMPT,3,0,PURCHASE,t,2026-05-22 10:33:19.995364+00,2026-05-22 10:36:48.347381+00,
314,HYZ5-INJ,08964001451037,Hyzonate 500mg,Hydrocortisone sodium succinate for Injection USP,,INJECTION,,Amson Vaccines & Pharma (Pvt.) Ltd,,BOX,INJECTION,1,f,NONE,EXEMPT,2,0,PURCHASE,t,2026-05-31 12:11:51.75926+00,2026-05-31 12:11:51.75926+00,
359,ICHG-OTH,,ICHTHAMMOL GLYCERIN,GLYCERIN,,OTHER,Bottle,Spectrum Laboratries PVT LTD,,BOX,BOTTLE,1,f,NONE,EXEMPT,1,0,PURCHASE,t,2026-06-01 14:43:52.616665+00,2026-06-01 14:51:18.485992+00,
178,ITC100-CAP,,IT-CAP,Itraconazole 100mg,100mg,CAPSULE,,Bio-Labs (Private) Limited,,BOX,CAPSULE,4,f,NONE,EXEMPT,8,0,PURCHASE,t,2026-05-23 10:35:48.308827+00,2026-05-23 10:35:48.308827+00,
346,IVS-OTH,,IV Set,Drip Set,,OTHER,,,,BOX,DripSet,1,f,NONE,EXEMPT,10,0,PURCHASE,t,2026-05-31 13:36:10.200626+00,2026-05-31 13:36:10.200626+00,
231,IBE5-SYR,08002660030689,Iberet 500,Iron + Vitamin C + B-Complex,,SYRUP,,Abbott Laboratories (Pakistan) Ltd,,BOX,BOTTLE,1,f,NONE,EXEMPT,3,0,PURCHASE,t,2026-05-31 09:29:31.523791+00,2026-05-31 09:29:31.523791+00,
172,INDE10-TAB,08964001705222,Inderal,Propranolol HCl 10mg,10mg,TABLET,,Lucky Core Industries Limitied,,BOX,TABLET,48,f,NONE,EXEMPT,100,0,PURCHASE,t,2026-05-23 10:24:47.245574+00,2026-05-23 10:24:47.245574+00,
285,INH330-CAP,08961101690328,Inhibitol 30mg,Lansoprazole 30mg,30mg,CAPSULE,,Highnoon Laboratories Ltd,,BOX,TABLET,14,f,NONE,EXEMPT,14,0,PURCHASE,t,2026-05-31 10:50:54.090694+00,2026-05-31 10:50:54.090694+00,
207,JARD-SYR,08964001824138,Jardin-D,Desloratadine 0.5mg/5ml,,SYRUP,,High-Q Pharmaceuticals,,BOX,BOTTLE,1,f,NONE,EXEMPT,2,0,PURCHASE,t,2026-05-31 08:12:36.409397+00,2026-05-31 08:12:36.409397+00,
138,KS1-AMP,,K-Saq Injection 1ml Ampoule,Phytonadione (Vitamin K1),1ml,INJECTION_AMPOULE,,Misaq Pharmaceuticals (Pvt.) Ltd,,BOX,INJECTION,1,f,NONE,EXEMPT,5,0,PURCHASE,t,2026-05-23 06:59:09.384199+00,2026-05-23 06:59:09.384199+00,
374,KLA2250-TAB,08002660022738,KLARICID 250mg,Clarithromycin 250mg,250mg,TABLET,,Abbott Laboratories (Pakistan) Ltd,,BOX,TABLET,10,f,NONE,EXEMPT,10,0,PURCHASE,t,2026-06-01 20:42:34.481551+00,2026-06-01 20:42:34.481551+00,
147,KAME4-AMP,,Kamedex,Dexamethasone,4mg,INJECTION_AMPOULE,,Awaan Pharma,,BOX,AMPOULE,25,f,NONE,EXEMPT,25,0,PURCHASE,t,2026-05-23 09:23:17.994301+00,2026-05-23 09:23:17.994301+00,
216,KEST10-TAB,08961101692476,Kestine,Ebastine 10mg,10mg,TABLET,,Highnoon Laboratories Ltd,,BOX,TABLET,14,f,NONE,EXEMPT,28,0,PURCHASE,t,2026-05-31 08:40:18.90714+00,2026-05-31 08:40:18.90714+00,
309,KET3-AMP,,Ketilor 30mg/ml Injection,Ketorolac Trometamol 30mg/ml Injection,,INJECTION_AMPOULE,,Briell Pharamaceuticals Pvt. Ltd.,,BOX,INJECTION,5,f,NONE,EXEMPT,3,0,PURCHASE,t,2026-05-31 12:00:40.502959+00,2026-05-31 12:00:40.502959+00,
245,KLA5500-TAB,08002660029744,Klaricid 500mg,Clarithromycin 500mg,500mg,TABLET,,Abbott Laboratories (Pakistan) Ltd,,BOX,TABLET,10,f,NONE,EXEMPT,20,0,PURCHASE,t,2026-05-31 09:43:22.022974+00,2026-06-01 20:36:44.152697+00,
331,LAC1-VIA,,Lactanem 1g IV Injection,Meropenem USP 1g IV Injection,,INJECTION_VIAL,,Bio-Labs (Private) Limited,,BOX,INJECTION,1,f,NONE,EXEMPT,3,0,PURCHASE,t,2026-05-31 12:54:47.189445+00,2026-05-31 12:54:47.189445+00,
375,LAR2-TAB,08961101630744,Larith 250mg,Clarithromycin,,TABLET,,Genix Pharma PVT Ltd,,BOX,TABLET,10,f,NONE,EXEMPT,10,0,PURCHASE,t,2026-06-01 20:44:08.289108+00,2026-06-01 20:44:08.289108+00,
236,LEFL500-TAB,08964003891824,Leflox,Levofloxacin 500mg,500mg,TABLET,,Getz Pharma (Pvt.) Limited,,BOX,TABLET,20,f,NONE,EXEMPT,40,0,PURCHASE,t,2026-05-31 09:35:30.122403+00,2026-05-31 09:35:30.122403+00,
222,LEVO5-TAB,,Levota,Levocetirizine Dihydrochloride 5mg,5mg,TABLET,,Bio-Labs (Private) Limited,,BOX,TABLET,10,f,NONE,EXEMPT,10,0,PURCHASE,t,2026-05-31 08:47:40.651253+00,2026-06-01 19:26:14.105512+00,
206,LEVO-SYR,,Levota,Levocetirizine Dihydrochloride 2.5mg/5ml,,SYRUP,,Bio-Labs (Private) Limited,,BOX,BOTTLE,1,f,NONE,EXEMPT,2,0,PURCHASE,t,2026-05-31 08:11:44.25654+00,2026-05-31 08:11:44.25654+00,
81,LIGG-GEL,08964001807346,Lignocaine Gel B.P,Lignocaine Hydrochloride B.P,,GEL,,Lahore Chemical & Pharmaceutical Works (Pvt.) Ltd.,,BOX,TUBE,1,f,NONE,EXEMPT,2,0,PURCHASE,t,2026-05-22 12:21:56.676661+00,2026-05-22 12:21:56.676661+00,
145,LINC6002-INJ,,Lincomycin,Lincomycin Hydrochloride,600mg/2ml,INJECTION,,IQRA Pharmaceuticals,,BOX,VIAL,10,f,NONE,EXEMPT,10,0,PURCHASE,t,2026-05-23 09:20:39.704906+00,2026-05-23 09:20:39.704906+00,
217,LIPI20-TAB,08961101693145,Lipirex,Atorvastatin 20mg,20mg,TABLET,,Highnoon Laboratories Ltd,,BOX,TABLET,20,f,NONE,EXEMPT,40,0,PURCHASE,t,2026-05-31 08:41:21.780444+00,2026-05-31 08:41:21.780444+00,
167,LOP1150-TAB,08961101690403,Loprin 150mg,Aspirin 150mg,150mg,TABLET,,Highnoon Laboratories Ltd,,BOX,TABLET,29,f,NONE,EXEMPT,60,0,PURCHASE,t,2026-05-23 10:19:29.685609+00,2026-05-23 10:19:29.685609+00,
166,LOP775-TAB,08961101690397,Loprin 75mg,Aspirin 75mg,75mg,TABLET,,Highnoon Laboratories Ltd,,BOX,TABLET,30,f,NONE,EXEMPT,59,0,PURCHASE,t,2026-05-23 10:18:36.66625+00,2026-05-23 10:18:36.66625+00,
174,LOW775-TAB,08964001422389,Lowplat 75mg,Clopidogrel 75mg,75mg,TABLET,,PharmEvo,,BOX,TABLET,10,f,NONE,EXEMPT,20,0,PURCHASE,t,2026-05-23 10:27:03.001213+00,2026-05-23 10:27:03.001213+00,
229,LYSO120-SYR,08964001705451,Lysovit,Vitamin B-Complex + Vitamin C + Lysine Syrup,120ml,SYRUP,,Lucky Core Industries Limitied,,BOX,BOTTLE,1,f,NONE,EXEMPT,3,0,PURCHASE,t,2026-05-31 09:27:16.567304+00,2026-05-31 09:27:16.567304+00,
224,MB4-TAB,08964001452317,M-butamol,Salbutamol 4mg,4mg,TABLET,,Amson Vaccines & Pharma (Pvt.) Ltd.,,BOX,TABLET,120,f,NONE,EXEMPT,120,0,PURCHASE,t,2026-05-31 08:50:07.067763+00,2026-05-31 08:50:07.067763+00,
321,MAB5-INJ,08964001921929,Mabil 500mcg Injection,Mecobalamin 500mcg Injection,,INJECTION,,SAMI Pharmaceuticals (Pvt.) Ltd,,BOX,INJECTION,10,f,NONE,EXEMPT,4,0,PURCHASE,t,2026-05-31 12:36:55.591693+00,2026-05-31 12:36:55.591693+00,
338,MAN2-IVF,,Mannitol 20% 500ml,Mannitol 20% 500ml,,IV_FLUID,,,,BOX,BOTTLE,1,f,NONE,EXEMPT,3,0,PURCHASE,t,2026-05-31 13:21:32.183221+00,2026-06-02 00:15:01.077292+00,
299,MAX110-INJ,08964001589464,Maxolon 10mg Injection,Metoclopramide 10mg Injection,10mg,INJECTION,,GlaxoSmithKline Pakistan Limited,,BOX,INJECTION,10,f,NONE,EXEMPT,5,0,PURCHASE,t,2026-05-31 11:42:16.833057+00,2026-05-31 11:42:16.833057+00,
320,MEC1-INJ,,Meco-12 500mcg Injection,Mecobalamin 500mcg Injection,,INJECTION,,Ameer Pharma (Pvt.) Ltd,,BOX,INJECTION,10,f,NONE,EXEMPT,4,0,PURCHASE,t,2026-05-31 12:35:34.203619+00,2026-05-31 12:35:34.203619+00,
109,MEDG-CRM,,Med-GT GTN Piles Relief Ointment 30g,Herbal / Nutraceutical (Nitroglycerine-based),,CREAM,,Medevox Pharmaceuticals Pvt. Ltd,,BOX,TUBE,1,f,NONE,EXEMPT,2,0,PURCHASE,t,2026-05-22 14:26:01.907678+00,2026-05-22 14:26:01.907678+00,
345,MEDM-IVF,08964001859000,Medisol Mannitol 20% w/v IV Infusion (500ml),Mannitol 20% w/v IV Infusion (500ml),,IV_FLUID,,Medipak Limited,,BOX,BOTTLE,1,f,NONE,EXEMPT,2,0,PURCHASE,f,2026-05-31 13:31:02.523139+00,2026-05-31 13:55:47.968354+00,2026-05-31 13:55:47.968354+00
181,MEN5-AMP,,Menate 50mg,Dimenhydrinate 50mg Injection,,INJECTION_AMPOULE,,Friends Pharma PVT Ltd,,BOX,INJECTION,25,f,NONE,EXEMPT,50,0,PURCHASE,t,2026-05-23 10:39:41.4439+00,2026-05-23 10:39:41.4439+00,
97,METE-EYE,08964001817338,Methachlor Eye Drops 5ml,Dexamethasone + Chloramphenicol,,EYE_DROPS,,Remington Pharmaceutical Industries (Pvt.) Ltd.,,BOX,DROP,1,f,NONE,EXEMPT,3,0,PURCHASE,t,2026-05-22 13:46:58.354588+00,2026-05-22 13:46:58.354588+00,
123,MET5-TAB,08961100971084,Methycobal 500mcg Tablets,Mecobalamin,,TABLET,,Hilton Pharma (Pvt.) Ltd,,BOX,TABLET,100,f,NONE,EXEMPT,100,0,PURCHASE,t,2026-05-23 05:51:03.511346+00,2026-05-23 05:51:03.511346+00,
329,METS-OTH,,Methylated Spirit 120ml,Denatured Alcohol (External Use Only),,OTHER,,Swan Chemical Pakistan,,BOX,BOTTLE,1,f,NONE,EXEMPT,3,0,PURCHASE,t,2026-05-31 12:50:43.837428+00,2026-05-31 12:50:43.837428+00,
150,METR100-VIA,,Metrorise,Metronidazole,100ml,INJECTION_VIAL,,Pak Risen Pharmaceuticals,,BOX,VIAL,1,f,NONE,EXEMPT,2,0,PURCHASE,t,2026-05-23 09:31:27.508865+00,2026-05-23 09:31:27.508865+00,
122,MOB5500-TAB,,Moblo 500mcg Tablets,Mecobalamin,500mcg,TABLET,,Highnoon Laboratories Ltd,,BOX,TABLET,30,f,NONE,EXEMPT,60,0,PURCHASE,t,2026-05-23 05:48:49.179199+00,2026-05-23 05:48:49.179199+00,
227,MONT-TAB,08964001922056,Montika,Montelukast Sodium 10mg,,TABLET,,SAMI Pharmaceuticals (Pvt.) Ltd,,BOX,TABLET,14,f,NONE,EXEMPT,28,0,PURCHASE,t,2026-05-31 08:54:23.932229+00,2026-05-31 08:54:23.932229+00,
225,MONT10-TAB,08964001641421,Montit,Montelukast 10mg,10mg,TABLET,,Highnoon Laboratories Ltd,,BOX,TABLET,14,f,NONE,EXEMPT,28,0,PURCHASE,t,2026-05-31 08:50:59.417957+00,2026-05-31 08:50:59.417957+00,
290,MOT1-TAB,08964001392774,Motilium 10mg,Domperidone 10mg,,TABLET,,Aspin Pharma PVT Ltd,,BOX,TABLET,60,f,NONE,EXEMPT,40,0,PURCHASE,t,2026-05-31 10:55:41.016109+00,2026-05-31 10:55:41.016109+00,
211,MOVA4-TAB,08964001925699,Movax,Tizanidine 4mg,4mg,TABLET,,SAMI Pharmaceuticals (Pvt.) Ltd,,BOX,TABLET,20,f,NONE,EXEMPT,40,0,PURCHASE,t,2026-05-31 08:31:48.002208+00,2026-05-31 08:31:48.002208+00,
43,MUCS-SYR,08964001705000,Mucaine Suspension 150ml,Oxethazaine + Aluminum Hydroxide + Magnesium Hydroxide,,SYRUP,,Lucky Core Industries Limited,,BOX,BOTTLE,1,f,NONE,EXEMPT,3,0,PURCHASE,t,2026-05-22 11:37:24.813724+00,2026-05-22 11:38:08.24096+00,
191,MUCO-SCH,,Mucolator,Acetylcysteine,,SACHET,,Abbott Laboratories (Pakistan) Ltd,,BOX,SACHET,30,f,NONE,EXEMPT,30,0,PURCHASE,t,2026-05-23 11:10:17.604805+00,2026-06-01 18:34:17.73275+00,
40,MUCE-SYR,08964001536482,Muconyl Expectorant Syrup Sugar Free 60ml,Bromhexine Hydrochloride + Guaifenesin,,SYRUP,,Barret Hodgson Pakistan (Pvt) Ltd,,BOX,BOTTLE,1,f,NONE,EXEMPT,1,0,PURCHASE,t,2026-05-22 11:24:05.410835+00,2026-06-01 13:31:14.779883+00,
368,MULI-INJ,08964001517658,Multibionta Injection For Infusion,Multivitamins,,INJECTION,,Martin Dow Marker Ltd,,BOX,INJECTION,8,f,NONE,EXEMPT,5,0,PURCHASE,t,2026-06-01 17:13:48.004689+00,2026-06-01 17:13:48.004689+00,
143,MURP-INJ,,Murfy Plex,Vitamin B-Complex,,INJECTION,,Murfy Pharmaceutical PVT Ltd,,BOX,INJECTION,25,f,NONE,EXEMPT,25,0,PURCHASE,t,2026-05-23 09:16:25.628871+00,2026-05-23 09:16:25.628871+00,
112,MYCP-CRM,08964001705468,Mycitracin Plus Pain Reliever Ointment 18g,Bacitracin + Neomycin + Polymyxin B Sulfate + Lidocaine,,CREAM,,Lucky Core Industries Limited,,BOX,TUBE,1,f,NONE,EXEMPT,2,0,PURCHASE,t,2026-05-22 14:33:52.093791+00,2026-05-22 14:33:52.093791+00,
119,MYFT-TAB,,Myfol Tablets,L-Methylfolate Calcium,,TABLET,,RG Pharmaceutica (Pvt.) Ltd,,BOX,TABLET,30,f,NONE,EXEMPT,60,0,PURCHASE,t,2026-05-23 05:39:55.427571+00,2026-05-23 05:39:55.427571+00,
212,MYOL4-TAB,08964001683384,Myolax,Thiocolchicoside 4mg,4mg,TABLET,,Genetics Pharmaceuticals,,BOX,TABLET,20,f,NONE,EXEMPT,40,0,PURCHASE,t,2026-05-31 08:32:56.000385+00,2026-05-31 08:32:56.000385+00,
287,MYP550-TAB,08964002141159,Mypride 50mg,Itopride HCl 50mg,50mg,TABLET,,Briell Pharamaceuticals Pvt. Ltd.,,BOX,TABLET,10,f,NONE,EXEMPT,10,0,PURCHASE,t,2026-05-31 10:52:28.328557+00,2026-05-31 10:57:02.132414+00,
182,MYX1150-CAP,08964001810209,Myxen 150mg,Fluconazole 150mg,150mg,CAPSULE,,Gulf Pharamaceuticals,,BOX,CAPSULE,1,f,NONE,EXEMPT,3,0,PURCHASE,t,2026-05-23 10:41:17.805393+00,2026-05-23 10:42:44.32051+00,
337,NS1000-IVF,,NS  (1000ml),0.9% w/v Infusion BP (1000ml),,IV_FLUID,,,,BOX,BOTTLE,1,f,NONE,EXEMPT,3,0,PURCHASE,t,2026-05-31 13:18:22.95692+00,2026-06-02 00:08:41.465218+00,
339,NS5-IVF,,NS  (500ml),NS  (500ml),,IV_FLUID,,,,BOX,BOTTLE,1,f,NONE,EXEMPT,3,0,PURCHASE,t,2026-05-31 13:22:48.643483+00,2026-05-31 13:43:11.612772+00,
342,NS1-IVF,,NS (100ml),NS (100ml),,IV_FLUID,,,,BOX,BOTTLE,1,f,NONE,EXEMPT,3,0,PURCHASE,t,2026-05-31 13:26:09.506013+00,2026-05-31 13:46:03.0705+00,
114,NXTD-AMP,,NXT-D3 Injection IU 1ml Ampoule,Cholecalciferol (Vitamin D3),,INJECTION_AMPOULE,,Bio-Labs (Private) Limited,,BOX,INJECTION,1,f,NONE,EXEMPT,3,0,PURCHASE,t,2026-05-23 05:29:43.601096+00,2026-05-23 05:29:43.601096+00,
304,NAL1-AMP,08964002778485,Nalbin 10mg Injection,Nalbuphine Hydrochloride 10mg Injection,,INJECTION_AMPOULE,,Global Pharmaceuticals PVT Ltd,,BOX,INJECTION,12,f,NONE,EXEMPT,5,0,PURCHASE,t,2026-05-31 11:51:04.772442+00,2026-05-31 11:52:54.530328+00,
298,NEUI-AMP,08964001517788,Neurobion Injection,Vitamin B1 + B6 + B12 Injection,,INJECTION_AMPOULE,,Martin Dow Marker Ltd,,BOX,INJECTION,25,f,NONE,EXEMPT,15,0,PURCHASE,t,2026-05-31 11:40:01.363143+00,2026-05-31 11:40:01.363143+00,
44,NEWE-SYR,,Newcid Extra Strength Antacid Suspension Sugar Free 120ml,Fennel Extract + Menthol + Powdered Ginger Extract + Peppermint Oil,,SYRUP,,Paragon Laboratories,,BOX,BOTTLE,1,f,NONE,EXEMPT,3,0,PURCHASE,t,2026-05-22 11:43:41.602086+00,2026-05-22 11:43:41.602086+00,
255,NEW775-CAP,,Newgaba  75mg,Pregabalin 75mg,75mg,CAPSULE,,Bio-Labs (Private) Limited,,BOX,CAPSULE,14,f,NONE,EXEMPT,27,0,PURCHASE,t,2026-05-31 09:53:06.841353+00,2026-05-31 09:53:06.841353+00,
332,NEX1-INJ,,Nextone 1g Injection (IV),Ceftriaxone Sodium 1g Injection (IV),,INJECTION,,Bio-Labs (Private) Limited,,BOX,INJECTION,1,f,NONE,EXEMPT,3,0,PURCHASE,t,2026-05-31 12:55:57.597391+00,2026-05-31 12:55:57.597391+00,
187,NILS500-ODP,08964001705024,Nilstat,"Nystatin 100,000 Units/ml",500ml,ORAL_DROPS,,Lucky Core Industries Limited,,BOX,DROP,1,f,NONE,EXEMPT,1,0,PURCHASE,t,2026-05-23 10:50:37.422339+00,2026-05-23 10:50:37.422339+00,
266,NOS80-TAB,08964001484165,No-Spa Forte 80mg,Drotaverine HCl 80mg,80mg,TABLET,,Hoechst Pakistan,,BOX,TABLET,30,f,NONE,EXEMPT,30,0,PURCHASE,t,2026-05-31 10:06:56.289285+00,2026-05-31 10:06:56.289285+00,
249,NOV5500-TAB,08964001922308,Novidat 500mg,Ciprofloxacin HCl 500mg,500mg,TABLET,,SAMI Pharmaceuticals (Pvt.) Ltd,,BOX,TABLET,10,f,NONE,EXEMPT,20,0,PURCHASE,t,2026-05-31 09:47:01.038686+00,2026-05-31 09:47:01.038686+00,
265,NUBF-TAB,08964001788928,Nuberol Forte,Paracetamol + Orphenadrine Citrate,,TABLET,,The Searle Company Limited,,BOX,TABLET,15,f,NONE,EXEMPT,15,0,PURCHASE,t,2026-05-31 10:06:03.157493+00,2026-05-31 10:06:03.157493+00,
292,ORSS-SCH,,ORS Sachet Phytotia (Orange Flavour),Oral Rehydration Salt,,SACHET,,HICON Pharmaceuticals,,BOX,SACHET,20,f,NONE,EXEMPT,10,0,PURCHASE,t,2026-05-31 11:16:18.510078+00,2026-05-31 11:22:32.085901+00,
326,OME4-VIA,,Ometek 40mg IV Injection,Omeprazole 40mg IV Injection (Lyophilized),,INJECTION_VIAL,,,,BOX,VIAL,1,f,NONE,EXEMPT,3,0,PURCHASE,t,2026-05-31 12:45:19.296417+00,2026-05-31 12:45:19.296417+00,
277,OMI220-CAP,,Omirin 20mg,Omeprazole 20mg,20mg,CAPSULE,,Himaark Laboratories PVT Ltd,,BOX,CAPSULE,100,f,NONE,EXEMPT,50,0,PURCHASE,t,2026-05-31 10:38:13.76434+00,2026-05-31 10:38:13.76434+00,
283,OMI440-CAP,,Omirin 40mg,Omeprazole 40mg,40mg,CAPSULE,,Himaark Laboratories PVT Ltd,,BOX,CAPSULE,14,f,NONE,EXEMPT,14,0,PURCHASE,t,2026-05-31 10:47:31.163959+00,2026-05-31 10:47:31.163959+00,
284,OMS440-CAP,08964001641612,Omsta 40mg,Omeprazole 40mg,40mg,CAPSULE,,Highnoon Laboratories Ltd,,BOX,CAPSULE,14,f,NONE,EXEMPT,14,0,PURCHASE,t,2026-05-31 10:49:44.725694+00,2026-05-31 10:49:44.725694+00,
168,ONAT10-TAB,08964001922407,Onato,Amlodipine Besylate 10mg,10mg,TABLET,,SAMI Pharmaceuticals (Pvt.) Ltd,,BOX,TABLET,30,f,NONE,EXEMPT,60,0,PURCHASE,t,2026-05-23 10:20:36.375234+00,2026-05-23 10:20:36.375234+00,
169,ONA55-TAB,08964001922391,Onato 5mg,Amlodipine Besylate 5mg,5mg,TABLET,,SAMI Pharmaceuticals (Pvt.) Ltd,,BOX,TABLET,30,f,NONE,EXEMPT,30,0,PURCHASE,t,2026-05-23 10:21:39.057515+00,2026-05-23 10:21:39.057515+00,
312,OND8-AMP,08964002556380,Ondenles  8mg Injection (IV/IM),Ondansetron HCl 8mg Injection (IV/IM),,INJECTION_AMPOULE,,Caaaway Pharmaceuticals,,BOX,INJECTION,5,f,NONE,EXEMPT,3,0,PURCHASE,t,2026-05-31 12:07:14.748243+00,2026-05-31 12:07:14.748243+00,
316,ONS4-INJ,08964002060009,Onset 4mg Injection,Ondansetron HCl 4mg Injection,,INJECTION,,Pharmedic Laboratories,,BOX,INJECTION,1,f,NONE,EXEMPT,2,0,PURCHASE,t,2026-05-31 12:14:36.979286+00,2026-05-31 12:14:51.986764+00,
313,ONS8-INJ,08964002060016,Onset 8mg Injection,Ondansetron HCl 8mg Injection,,INJECTION,,Pharmedic Laboratories,,BOX,INJECTION,1,f,NONE,EXEMPT,2,0,PURCHASE,t,2026-05-31 12:08:38.527873+00,2026-05-31 12:09:47.804971+00,
42,ONSO45-SOL,08964002058310,Onset Oral Solution 25ml,Ondansetron Hydrochloride,4mg/5ml,ORAL_SOLUTION,,Pharmedic Laboratories,,BOX,BOTTLE,1,f,NONE,EXEMPT,2,0,PURCHASE,t,2026-05-22 11:34:32.185233+00,2026-05-22 11:34:32.185233+00,
189,OPHH-ODP,08964001711179,Opht Hypertonic Saline,Sodium Chloride,,ORAL_DROPS,,Opht Pharma PVT Ltd,,BOX,DROP,1,f,NONE,EXEMPT,3,0,PURCHASE,t,2026-05-23 10:56:13.638007+00,2026-05-23 10:56:13.638007+00,
294,ORAOLemon-SCH,,Oralif ORS (Lemon),Oral Rehydration Salt,,SACHET,,Alif Pharma,,BOX,SACHET,20,f,NONE,EXEMPT,10,0,PURCHASE,t,2026-05-31 11:31:12.433752+00,2026-05-31 11:31:12.433752+00,
293,ORAO-SCH,,Oralif ORS (Orange),Oral Rehydration Salt,,SACHET,,Alif Pharma,,BOX,SACHET,20,f,NONE,EXEMPT,9,0,PURCHASE,t,2026-05-31 11:27:21.763067+00,2026-06-01 22:05:13.492401+00,
361,OSND-TAB,08961101540616,Osnated-D,Ossein Mineral Complex + Vitamin D,,TABLET,,AGP Limited,,BOX,TABLET,30,f,NONE,EXEMPT,30,0,PURCHASE,t,2026-06-01 15:00:59.46239+00,2026-06-01 15:00:59.46239+00,
86,OTOE-EAR,08964001590286,Otosporin Ear Drops,Polymyxin B Sulphate + Neomycin Sulphate + Hydrocortisone Acetate,,EAR_DROPS,,GlaxoSmithKline Pakistan,,BOX,DROP,1,f,NONE,EXEMPT,2,0,PURCHASE,t,2026-05-22 12:41:17.304575+00,2026-05-22 12:41:17.304575+00,
95,OVES-OTH,,Ovel Suppositories Infants/Adult,Vitamin E + Glycerine,,OTHER,,Amfahh Pharma (Pvt. Ltd.),,BOX,GUM,12,f,NONE,EXEMPT,12,0,PURCHASE,t,2026-05-22 13:40:18.526187+00,2026-06-01 16:08:55.507121+00,
251,OXA4400-TAB,08961101692261,Oxaquin 400mg,Moxifloxacin 400mg,400mg,TABLET,,Highnoon Laboratories Ltd,,BOX,TABLET,5,f,NONE,EXEMPT,10,0,PURCHASE,t,2026-05-31 09:48:25.161211+00,2026-05-31 09:48:25.161211+00,
333,OXI2-INJ,08964001922438,Oxidil 250mg Injection (IM),Ceftriaxone Sodium 250mg Injection (IM),,INJECTION,,SAMI Pharmaceuticals (Pvt.) Ltd,,BOX,INJECTION,1,f,NONE,EXEMPT,3,0,PURCHASE,t,2026-05-31 12:57:12.935936+00,2026-05-31 12:57:12.935936+00,
348,PAE5-IVF,,PAEDS 500ML,PAEDS 500ML,,IV_FLUID,,,,BOX,BOTTLE,1,f,NONE,EXEMPT,3,0,PURCHASE,t,2026-05-31 13:57:17.128235+00,2026-05-31 13:57:17.128235+00,
235,PBL500-TAB,08964002141036,PB-Lev 500mg,Levofloxacin,500mg,TABLET,,Briell Pharamaceuticals Pvt. Ltd.,,BOX,TABLET,10,f,NONE,EXEMPT,20,0,PURCHASE,t,2026-05-31 09:34:43.097603+00,2026-05-31 09:34:43.097603+00,
319,PKMI-IVF,,PKmol Infusion IV,Paracetamol Infusion IV,,INFUSION,,Bio-Labs (Private) Limited,,BOX,BOTTLE,1,f,NONE,EXEMPT,3,0,PURCHASE,t,2026-05-31 12:34:36.318731+00,2026-05-31 12:34:36.318731+00,
262,PANA-TAB,08964001480297,Panadol,Paracetamol,,TABLET,,Helix Pharma (Pvt.) Ltd,,BOX,TABLET,200,f,NONE,EXEMPT,50,0,PURCHASE,t,2026-05-31 10:01:46.909016+00,2026-06-01 14:14:15.067124+00,
203,PANC-DRP,08964001549840,Panadol Children's Drops,Paracetamol 30ml (Sugar Free),,DROPS,,Haleon Pakistan Limited,,BOX,DROP,1,f,NONE,EXEMPT,3,0,PURCHASE,t,2026-05-31 08:07:39.570689+00,2026-05-31 08:07:39.570689+00,
204,PANC-SYR,08964001549833,Panadol Children's Liquid,Paracetamol 120ml,,SYRUP,,Haleon Pakistan Limited,,BOX,BOTTLE,1,f,NONE,EXEMPT,2,0,PURCHASE,t,2026-05-31 08:09:07.386218+00,2026-05-31 08:09:07.386218+00,
261,PANE50065-TAB,08964001480303,Panadol Extra 500mg/65mg,Paracetamol 500mg + Caffeine 65mg,500mg/65mg,TABLET,,Haleon Pakistan Limited,,BOX,TABLET,100,f,NONE,EXEMPT,30,0,PURCHASE,t,2026-05-31 10:00:47.59553+00,2026-05-31 10:00:47.59553+00,
322,PAR1-INJ,,Parazactam + 1g Injection,Cefoperazone Sodium + Sulbactam Sodium 1g Injection,,INJECTION,,Bio-Labs (Private) Limited,,BOX,INJECTION,1,f,NONE,EXEMPT,3,0,PURCHASE,t,2026-05-31 12:37:55.64358+00,2026-05-31 12:37:55.64358+00,
323,PAR2-INJ,,Parazactam + 2g Injection,Cefoperazone Sodium + Sulbactam Sodium 2g Injection,,INJECTION,,Bio-Labs (Private) Limited,,BOX,INJECTION,1,f,NONE,EXEMPT,4,0,PURCHASE,t,2026-05-31 12:39:11.892855+00,2026-05-31 12:39:11.892855+00,
208,PAXI-SUS,,Paxino,Paracetamol Suspension,,SUSPENSION,,Himaark Laboratories PVT Ltd,,BOX,BOTTLE,1,f,NONE,EXEMPT,2,0,PURCHASE,t,2026-05-31 08:14:07.370789+00,2026-05-31 08:14:07.370789+00,
296,PEDLBanana-SOL,08964000345733,Peditral Liquid (Banana),Oral Rehydration Solution,,ORAL_SOLUTION,,The Searle Company Limited,,BOX,BOTTLE,1,f,NONE,EXEMPT,1,0,PURCHASE,t,2026-05-31 11:35:19.102453+00,2026-05-31 11:35:19.102453+00,
297,PEDLOrange-SOL,08964000345726,Peditral Liquid (Orange),Oral Rehydration Solution,,ORAL_SOLUTION,,The Searle Company Limited,,BOX,BOTTLE,1,f,NONE,EXEMPT,1,0,PURCHASE,t,2026-05-31 11:38:31.649829+00,2026-05-31 11:38:31.649829+00,
295,PEDL-SOL,08964000345757,Peditral Liquid (Regular),Oral Rehydration Solution,,ORAL_SOLUTION,,The Searle Company Limited,,BOX,BOTTLE,1,f,NONE,EXEMPT,1,0,PURCHASE,t,2026-05-31 11:33:48.508163+00,2026-05-31 11:33:48.508163+00,
307,PHLI-INJ,08961101531263,Phlogin Injection,Diclofenac Sodium Injection,,INJECTION,,Brookes Pharma Private Limited,,BOX,INJECTION,5,f,NONE,EXEMPT,3,0,PURCHASE,t,2026-05-31 11:57:35.574575+00,2026-05-31 11:57:35.574575+00,
256,PIR44-TAB,08964001577522,Piriton 4mg,Chlorpheniramine Maleate 4mg,4mg,TABLET,,GlaxoSmithKline Pakistan Limited,,BOX,TABLET,1000,f,NONE,EXEMPT,100,0,PURCHASE,t,2026-05-31 09:54:37.359806+00,2026-06-01 14:13:27.916407+00,
273,PLAP37532-TAB,08961100275694,Plagesic-P 37.5mg+325mg,Tramadol HCl 37.5mg + Paracetamol 325mg,37.5mg+325mg,TABLET,,Platinum Pharmaceuticals,,BOX,TABLET,9,f,NONE,EXEMPT,10,0,PURCHASE,t,2026-05-31 10:13:02.645896+00,2026-05-31 10:13:02.645896+00,
103,POLS-CRM,08964001590071,Polyfax Skin Ointment 20g,Polymyxin B Sulfate + Bacitracin Zinc,,CREAM,,GlaxoSmithKline Pakistan Limited,,BOX,TUBE,1,f,NONE,EXEMPT,1,0,PURCHASE,t,2026-05-22 14:10:53.075817+00,2026-05-22 14:10:53.075817+00,
120,POLF10003-TAB,08964001824534,Polymalt-F Chewable Tablets,Iron (III) Hydroxide Polymaltose Complex + Folic Acid,100mg+0.35mg,TABLET,,High-Q Pharmaceuticals,,BOX,TABLET,30,f,NONE,EXEMPT,60,0,PURCHASE,t,2026-05-23 05:42:54.46713+00,2026-05-23 05:42:54.46713+00,
258,PONF500-TAB,,Ponstan Forte,Mefenamic Acid 500mg,500mg,TABLET,,Hoechst Pakistan,,BOX,TABLET,100,f,NONE,EXEMPT,30,0,PURCHASE,t,2026-05-31 09:56:44.064935+00,2026-05-31 09:56:44.064935+00,
140,PRIN5-TAB,08964001570004,Primolut N,Norethisterone,5mg,TABLET,,OBS Pharma (Pvt.) Ltd,,BOX,TABLET,30,f,NONE,EXEMPT,60,0,PURCHASE,t,2026-05-23 09:01:43.779077+00,2026-05-23 09:01:43.779077+00,
128,PRO0-CAP,08961101692179,Prostam 0.4mg Capsules,Tamsulosin HCl,,CAPSULE,,Highnoon Laboratories Ltd,,BOX,CAPSULE,28,f,NONE,EXEMPT,56,0,PURCHASE,t,2026-05-23 06:07:21.414329+00,2026-05-23 06:07:21.414329+00,
317,PRO3-AMP,08964001922582,Provas 300mg/2ml Injection,Paracetamol 300mg/2ml Injection,,INJECTION_AMPOULE,,SAMI Pharmaceuticals (Pvt.) Ltd,,BOX,INJECTION,5,f,NONE,EXEMPT,2,0,PURCHASE,t,2026-05-31 12:30:41.039338+00,2026-05-31 12:30:41.039338+00,
104,PROG-CRM,89640015141458,Provate-G Cream 15g,Betamethasone Dipropionate + Gentamicin Sulphate,,CREAM,,Saffron Pharmaceuticals (Pvt.) Ltd,,BOX,TUBE,1,f,NONE,EXEMPT,2,0,PURCHASE,t,2026-05-22 14:13:01.91513+00,2026-05-22 14:13:01.91513+00,
39,PULS-SYR,08961101620684,Pulmonol Syrup 120ml,Ammonium Chloride + Chlorpheniramine Maleate + Potassium Bicarbonate + Terpin Hydrate,,SYRUP,,CCL Pharmaceuticals,,BOX,BOTTLE,1,f,NONE,EXEMPT,1,0,PURCHASE,t,2026-05-22 11:20:29.142669+00,2026-05-22 11:22:07.12754+00,
365,QUEP-CRM,08961100513888,QUENCH PLUS Cream,Silver Sulfadiazine and Sodium Hyaluronate Cream 1%/0.2% w/w,,CREAM,,Ferozsons Laboratories Limited,,BOX,TUBE,1,f,NONE,EXEMPT,1,0,PURCHASE,t,2026-06-01 15:44:38.969367+00,2026-06-01 15:44:38.969367+00,
340,RL5-IVF,,RL  (500ml),RL  (500ml),,IV_FLUID,,,,BOX,BOTTLE,1,f,NONE,EXEMPT,3,0,PURCHASE,t,2026-05-31 13:24:02.223754+00,2026-05-31 13:44:15.411505+00,
341,RL1-IVF,,RL (1000ml),RL (1000ml),,IV_FLUID,,,,BOX,BOTTLE,1,f,NONE,EXEMPT,3,0,PURCHASE,t,2026-05-31 13:25:10.980926+00,2026-05-31 13:44:57.60133+00,
186,RAC1-SCH,,Racedo 10mg,Racecadotril 10mg,,SACHET,,Highnoon Laboratories Ltd,,BOX,SACHET,16,f,NONE,EXEMPT,32,0,PURCHASE,t,2026-05-23 10:48:56.623785+00,2026-05-23 10:48:56.623785+00,
106,RASN-CRM,,Rashnil Nappy Rash Cream 50g,Benzalkonium Chloride + Zinc Oxide,,CREAM,,Abbott Laboratories (Pakistan) Ltd,,BOX,TUBE,1,f,NONE,EXEMPT,2,0,PURCHASE,t,2026-05-22 14:17:56.98595+00,2026-05-22 14:17:56.98595+00,
215,RECL4-CAP,08961100275700,ReCline,Thiocolchinoside 4mg,4mg,CAPSULE,,Platinum Pharmaceuticals,,BOX,CAPSULE,20,f,NONE,EXEMPT,40,0,PURCHASE,t,2026-05-31 08:39:27.139813+00,2026-05-31 08:39:27.139813+00,
288,RED440-TAB,08961100275526,Reducid 40mg,Famotidine 40mg,40mg,TABLET,,Platinum Pharmaceuticals (Pvt.) Ltd,,BOX,TABLET,20,f,NONE,EXEMPT,20,0,PURCHASE,t,2026-05-31 10:53:10.915+00,2026-05-31 10:53:10.915+00,
41,REDS105-SYR,08961100273935,Reducid Suspension 120ml,Famotidine,10mg/5ml,SYRUP,,Platinum Pharmaceuticals,,BOX,BOTTLE,1,f,NONE,EXEMPT,3,0,PURCHASE,t,2026-05-22 11:30:27.753644+00,2026-05-22 11:30:27.753644+00,
268,REL440-TAB,08964000345856,Relispa 40mg,Drotaverine HCl 40mg,40mg,TABLET,,The Searle Company Limited,,BOX,TABLET,19,f,NONE,EXEMPT,10,0,PURCHASE,t,2026-05-31 10:08:43.064237+00,2026-05-31 10:08:43.064237+00,
302,REL4-AMP,08964000345870,Relispa 40mg Injection,Drotaverine HCl 40mg Injection,,INJECTION_AMPOULE,,The Searle Company Limited,,BOX,INJECTION,25,f,NONE,EXEMPT,10,0,PURCHASE,t,2026-05-31 11:47:42.427346+00,2026-05-31 11:47:42.427346+00,
289,RIZ110-TAB,,Rizdom 10mg,Domperidone 10mg,10mg,TABLET,,Himaark Laboratories PVT Ltd,,BOX,TABLET,50,f,NONE,EXEMPT,20,0,PURCHASE,t,2026-05-31 10:54:07.094092+00,2026-05-31 10:54:07.094092+00,
220,ROVI10-TAB,08964003536572,Rovista,Rosuvastatin 10mg,10mg,TABLET,,Getz Pharma (Pvt.) Limited,,BOX,TABLET,30,f,NONE,EXEMPT,60,0,PURCHASE,t,2026-05-31 08:45:52.468686+00,2026-05-31 08:45:52.468686+00,
336,RYXI-INJ,08961101532581,Ryxon Injection USP 1g (IV),Ceftriaxone for Injection USP 1g (IV),,INJECTION,,Brookes Pharma Private Limited,,BOX,INJECTION,1,f,NONE,EXEMPT,3,0,PURCHASE,t,2026-05-31 13:00:12.546498+00,2026-05-31 13:00:12.546498+00,
142,ST200-TAB,,S.T. Mom 200mcg,Misoprostol,200mcg,TABLET,,ZAFA Pharmaceutical Laboratories (Pvt.) Limited,,BOX,TABLET,10,f,NONE,EXEMPT,20,0,PURCHASE,t,2026-05-23 09:06:29.143845+00,2026-05-23 09:06:29.143845+00,
96,SNC-SUS,,SN Cip 125mg/5ml Suspension,Ciprofloxacin HCl USP,,SUSPENSION,,S.N.B Pharma (Pvt.) Ltd.,,BOX,BOTTLE,1,f,NONE,EXEMPT,3,0,PURCHASE,t,2026-05-22 13:43:24.920356+00,2026-05-22 13:43:24.920356+00,
201,SNC2505-SUS,,SN Cip 250mg/5ml,Ciprofloxacin HCI (USP),250mg/5ml,SUSPENSION,,SNB Pharma (Pvt.) Ltd,,BOX,BOTTLE,1,f,NONE,EXEMPT,3,0,PURCHASE,t,2026-05-31 07:58:38.708385+00,2026-06-01 19:07:53.600019+00,
372,SNS-PWD,,SN Sef,Cephradine (USP),,POWDER,,SNB Pharma (Pvt.) Ltd,,BOX,BOTTLE,1,f,NONE,EXEMPT,1,0,PURCHASE,t,2026-06-01 19:10:14.357792+00,2026-06-01 19:10:14.357792+00,
352,SYR1-OTH,,SYRINGE 10cc,SYRINGE 10cc,,OTHER,,,,BOX,SYRINGE,1,f,NONE,EXEMPT,5,0,PURCHASE,t,2026-05-31 14:11:39.133697+00,2026-05-31 14:11:39.133697+00,
355,SYR1cc-OTH,,SYRINGE 1cc,SYRINGE 1cc,,OTHER,,,,BOX,SYRINGE,1,f,NONE,EXEMPT,5,0,PURCHASE,t,2026-05-31 14:14:56.975399+00,2026-05-31 14:14:56.975399+00,
354,SYR3-OTH,,SYRINGE 3cc,SYRINGE 3cc,,OTHER,,,,BOX,SYRINGE,1,f,NONE,EXEMPT,5,0,PURCHASE,t,2026-05-31 14:13:14.228016+00,2026-05-31 14:13:14.228016+00,
353,SYR5-OTH,,SYRINGE 5cc,SYRINGE 5cc,,OTHER,,,,BOX,SYRINGE,1,f,NONE,EXEMPT,5,0,PURCHASE,t,2026-05-31 14:12:37.432209+00,2026-05-31 14:12:37.432209+00,
183,SAMB-TAB,08964001922773,SamBro,Bromazepam 3mg,,TABLET,,SAMI Pharmaceuticals (Pvt.) Ltd,,BOX,TABLET,30,f,NONE,EXEMPT,60,0,PURCHASE,t,2026-05-23 10:42:25.399178+00,2026-05-23 10:42:25.399178+00,
230,SANG-SYR,08964001518303,Sangobion,Iron Gluconate + Vitamin B-Complex Syrup,,SYRUP,,Martin Dow Marker Ltd,,BOX,BOTTLE,1,f,NONE,EXEMPT,2,0,PURCHASE,t,2026-05-31 09:28:16.627968+00,2026-05-31 09:28:16.627968+00,
47,SCAL-LOT,,ScabFREE Lotion,Permethrin Lotion 5% w/v,,LOTION,,ATCO Laboratories Limited,,BOX,BOTTLE,1,f,NONE,EXEMPT,3,0,PURCHASE,t,2026-05-22 11:57:06.487412+00,2026-05-22 11:57:06.487412+00,
184,SER116-TAB,08002660021793,Serc 16mg,Betahistine Dihydrochloride 16mg,16mg,TABLET,,Abbott Laboratories (Pakistan) Ltd,,BOX,TABLET,30,f,NONE,EXEMPT,60,0,PURCHASE,t,2026-05-23 10:44:15.117571+00,2026-05-23 10:44:15.117571+00,
364,SIL150-CRM,08964002400591,Silverex 1% w/w Creem 50g,Silver Sulfadiazine,50g,CREAM,,Pharmasol Private Limited,,BOX,TUBE,1,f,NONE,EXEMPT,1,0,PURCHASE,t,2026-06-01 15:41:52.962379+00,2026-06-01 15:45:04.827527+00,
134,SIL1-TAB,,Silvora 100mg Tablets,Sildenafil,,TABLET,,Bio-Labs (Private) Limited,,BOX,TABLET,10,f,NONE,EXEMPT,20,0,PURCHASE,t,2026-05-23 06:23:49.528281+00,2026-05-23 06:23:49.528281+00,
161,SINM5500-TAB,08964002141579,Sinova-M 50mg/500mg,Sitagliptin + Metformin HCl,5mg/500mg,TABLET,,Briell Pharamaceuticals Pvt. Ltd.,,BOX,TABLET,10,f,NONE,EXEMPT,20,0,PURCHASE,t,2026-05-23 10:08:55.216582+00,2026-05-23 10:08:55.216582+00,
369,SITM-TAB,08961101623784,Sita-Met 50/500,Sitagliptin + Metformin HCI,,TABLET,,CCL Pharmaceuticals,,BOX,TABLET,14,f,NONE,EXEMPT,10,0,PURCHASE,t,2026-06-01 18:06:04.543349+00,2026-06-01 18:06:04.543349+00,
88,SKID-DRP,08961101692834,Skilax Drops,Sodium Picosulfate,,DROPS,,Highnoon Laboratories,,BOX,DROP,1,f,NONE,EXEMPT,2,0,PURCHASE,t,2026-05-22 12:47:17.77825+00,2026-05-22 12:47:17.77825+00,
90,SODG-EAR,,Sodaa Glycerin,Sodium Bicarbonate + Glycerin,,EAR_DROPS,,Festel Laboratories,,BOX,DROP,1,f,NONE,EXEMPT,3,0,PURCHASE,t,2026-05-22 13:10:37.378938+00,2026-05-22 13:10:37.378938+00,
129,SOL1-TAB,08964001371175,Solifen 10mg Tablets,Solifenacin Succinate,,TABLET,,Getz Pharma (Pvt.) Limited,,BOX,TABLET,10,f,NONE,EXEMPT,20,0,PURCHASE,t,2026-05-23 06:09:28.85174+00,2026-05-23 06:09:28.85174+00,
130,SOL5-TAB,08964001371526,Solifen 5mg Tablets,Solifenacin Succinate,,TABLET,,Getz Pharma (Pvt.) Limited,,BOX,TABLET,10,f,NONE,EXEMPT,20,0,PURCHASE,t,2026-05-23 06:11:31.718468+00,2026-05-23 06:11:31.718468+00,
99,SOMG-GEL,08002660023063,Somogel Gel 20gm,Lidocaine + Cetylpyridinium Chloride,,GEL,,Abbott Laboratories (Pakistan) Ltd,,BOX,TUBE,1,f,NONE,EXEMPT,2,0,PURCHASE,t,2026-05-22 14:02:34.453605+00,2026-06-01 15:49:37.418859+00,
305,SPA4-AMP,,Spasmonil 40mg Injection (IM/IV),Drotaverine HCl 40mg Injection (IM/IV),,INJECTION_AMPOULE,,Murfy Pharmaceutical PVT Ltd,,BOX,INJECTION,25,f,NONE,EXEMPT,10,0,PURCHASE,t,2026-05-31 11:52:15.026068+00,2026-05-31 11:52:15.026068+00,
133,SPIT-TAB,08964000345993,Spiromide Tablets,Spironolactone + Furosemide,,TABLET,,The Searle Company Limited,,BOX,TABLET,20,f,NONE,EXEMPT,20,0,PURCHASE,t,2026-05-23 06:22:12.849397+00,2026-05-23 06:22:12.849397+00,
132,SPI4-TAB,08964000345986,Spiromide-40 Tablets,Spironolactone + Furosemide,,TABLET,,The Searle Company Limited,,BOX,TABLET,30,f,NONE,EXEMPT,30,0,PURCHASE,t,2026-05-23 06:20:15.541273+00,2026-05-23 06:20:15.541273+00,
362,SUND20000-INJ,08964000615140,Sunny D STAT,Vitamin D3,200000 IU,INJECTION,,Scotmann Pharmaceuticals,,BOX,INJECTION,1,f,NONE,EXEMPT,1,0,PURCHASE,t,2026-06-01 15:12:50.074229+00,2026-06-01 15:12:50.074229+00,
118,SURZ-TAB,08002660023131,Surbex Z,Zinc + Vitamin E + Vitamin C + Folic Acid + B-Complex,,TABLET,,Abbott Laboratories (Pakistan) Ltd,,BOX,TABLET,30,f,NONE,EXEMPT,60,0,PURCHASE,t,2026-05-23 05:38:25.581084+00,2026-05-23 05:38:25.581084+00,
349,SURG-OTH,,Surgical Gauze,Surgical Gauze,,OTHER,,,,BOX,Surgical Gauze,1,f,NONE,EXEMPT,5,0,PURCHASE,t,2026-05-31 14:01:35.2643+00,2026-05-31 14:01:35.2643+00,
412,SYN5-TAB,08964001281528,Synflex 550mg,Naproxen Sodium,,TABLET,,Martin Dow Marker Ltd,,BOX,TABLET,30,f,NONE,EXEMPT,10,0,PURCHASE,t,2026-06-01 23:40:17.217432+00,2026-06-01 23:40:17.217432+00,
413,SYNM-TAB,08964001282990,Synflex-M 85mg+500mg,Sumatriptan+Naproxen Sodium,,TABLET,,Martin Dow Marker Ltd,,BOX,TABLET,2,f,NONE,EXEMPT,1,0,PURCHASE,t,2026-06-01 23:41:45.518618+00,2026-06-01 23:41:45.518618+00,
160,TAGI25-TAB,08961101691059,Tagip,Sitagliptin 25mg,25mg,TABLET,,Highnoon Laboratories Ltd,,BOX,TABLET,13,f,NONE,EXEMPT,28,0,PURCHASE,t,2026-05-23 10:07:01.940778+00,2026-05-23 10:07:01.940778+00,
156,TAG550500-TAB,08961101693411,Tagipmet 50mg/500mg,Sitagliptin + Metformin HCl,50mg/500mg,TABLET,,Highnoon Laboratories Ltd,,BOX,TABLET,20,f,NONE,EXEMPT,40,0,PURCHASE,t,2026-05-23 10:00:02.027014+00,2026-05-23 10:00:02.027014+00,
127,TESS-CAP,08964002141562,Teslosin SR 0.4mg Capsules,Tamsulosin Hydrochloride,,CAPSULE,,Briell Pharmaceuticals Pvt. Ltd,,BOX,CAPSULE,10,f,NONE,EXEMPT,20,0,PURCHASE,t,2026-05-23 06:04:22.363208+00,2026-05-23 06:04:22.363208+00,
37,TEXD-SYR,,Texcol DMD,Dextromethorphan Hydrobromide USP + Diphenhydramine Hydrochloride BP,,SYRUP,,Raazee Therapeutics (Pvt.) Ltd,,BOX,BOTTLE,1,f,NONE,EXEMPT,2,0,PURCHASE,t,2026-05-22 10:32:34.308249+00,2026-05-22 10:32:34.308249+00,
83,TOBE-EYE,08964001801351,Tobra Eye Drops,Tobramycin U.S.P. 0.3%,,EYE_DROPS,,The Schazoo Pharmaceutical Laboratories (Pvt.) Ltd.,,BOX,DROP,1,f,NONE,EXEMPT,2,0,PURCHASE,t,2026-05-22 12:28:59.707944+00,2026-05-22 12:28:59.707944+00,
271,TONP-TAB,08964001923046,Tonoflex-P,Tramadol HCl + Paracetamol,,TABLET,,SAMI Pharmaceuticals (Pvt.) Ltd,,BOX,TABLET,20,f,NONE,EXEMPT,20,0,PURCHASE,t,2026-05-31 10:11:11.586742+00,2026-05-31 10:11:11.586742+00,
330,TOR3-AMP,08964001518990,Toradol 30mg/ml Injection (IM/IV),Ketorolac Trometamine 30mg/ml Injection (IM/IV),,INJECTION_AMPOULE,,Martin Dow Marker Ltd,,BOX,INJECTION,5,f,NONE,EXEMPT,3,0,PURCHASE,t,2026-05-31 12:52:03.036709+00,2026-05-31 12:52:03.036709+00,
376,TORI-INJ,08964002778720,Toralac Injection 1ml,Ketorolac Tromethamine USP,,INJECTION,,Global Pharmaceuticals PVT Ltd,,BOX,INJECTION,10,f,NONE,EXEMPT,2,0,PURCHASE,t,2026-06-01 23:29:39.004525+00,2026-06-01 23:59:02.120685+00,
282,TORP37520-TAB,08961100276400,Tormax Plus,Naproxen 375mg + Esomeprazole 20mg,375mg + 20mg,TABLET,,Platinum Pharmaceuticals (Pvt.) Ltd,,BOX,TABLET,28,f,NONE,EXEMPT,20,0,PURCHASE,t,2026-05-31 10:46:06.514468+00,2026-05-31 10:46:06.514468+00,
378,TRA1tramal-TAB,08964001788034,Tramal 100mg/2ml,Tramadol HCI Injection,,INJECTION_AMPOULE,,The Searle Company Limited,,BOX,INJECTION,5,f,NONE,EXEMPT,3,0,PURCHASE,t,2026-06-01 23:35:23.953959+00,2026-06-01 23:35:23.953959+00,
137,TRA5500-CAP,08961100977567,Transamin 500mg Capsules,Tranexamic Acid,500mg,CAPSULE,,Axis Pharmaceuticals,,BOX,CAPSULE,20,f,NONE,EXEMPT,20,0,PURCHASE,t,2026-05-23 06:53:03.341724+00,2026-06-01 20:01:33.13477+00,
318,TRA5-AMP,08961100971916,Transamin 500mg Injection (IM/IV),Tranexamic Acid 500mg Injection (IM/IV),,INJECTION_AMPOULE,,Hilton Pharma (Pvt.) Ltd,,BOX,INJECTION,10,f,NONE,EXEMPT,5,0,PURCHASE,t,2026-05-31 12:32:54.379381+00,2026-05-31 12:32:54.379381+00,
308,TRA1-AMP,,Traphen 100mg/2ml Injection,Tramadol Hydrochloride 100mg/2ml Injection,,INJECTION_AMPOULE,,Swiss Pharmaceuticals PVT Ltd,,BOX,INJECTION,5,f,NONE,EXEMPT,2,0,PURCHASE,t,2026-05-31 11:58:48.652314+00,2026-05-31 11:58:48.652314+00,
158,TRIF10160-TAB,08961101690694,Triforge,Amlodipine + Valsartan + Hydrochlorothiazide,10mg/160mg/12.5mg,TABLET,,Highnoon Laboratories Ltd,,BOX,TABLET,28,f,NONE,EXEMPT,56,0,PURCHASE,t,2026-05-23 10:04:38.856104+00,2026-05-23 10:04:38.856104+00,
155,TRI110160-TAB,08961101690687,Triforge 10mg/160mg/25mg,Amlodipine + Valsartan + Hydrochlorothiazide,10mg/160mg/25mg,TABLET,,Highnoon Laboratories Ltd,,BOX,TABLET,28,f,NONE,EXEMPT,56,0,PURCHASE,t,2026-05-23 09:56:46.972511+00,2026-05-23 09:56:46.972511+00,
157,TRI551601-TAB,08961101690717,Triforge 5mg/160mg/12.5mg,Amlodipine + Valsartan + Hydrochlorothiazide,5mg/160mg/12.5mg,TABLET,,Highnoon Laboratories Ltd,,BOX,TABLET,28,f,NONE,EXEMPT,56,0,PURCHASE,t,2026-05-23 10:00:57.978845+00,2026-05-23 10:00:57.978845+00,
192,TRYP-TAB,08961101580544,Tryptanol,Amitriptyline HCl,,TABLET,,Searle Pakistan,,BOX,TABLET,100,f,NONE,EXEMPT,100,0,PURCHASE,t,2026-05-23 11:11:48.971187+00,2026-06-01 18:44:15.944493+00,
286,ULS11-TAB,08961101690540,Ulsanic 1g,Sucralfate 1g,1g,TABLET,,Highnoon Laboratories Ltd,,BOX,TABLET,10,f,NONE,EXEMPT,10,0,PURCHASE,t,2026-05-31 10:51:42.113049+00,2026-05-31 10:51:42.113049+00,
358,VASE-GEL,,Vaseline,Petroleum Jelly BP,,GEL,,,,BOX,BOTTLE,1,f,NONE,EXEMPT,2,0,PURCHASE,t,2026-06-01 14:02:29.757446+00,2026-06-01 14:02:29.757446+00,
356,VEC66-TAB,,Vectine 6mg,Ivermectin,6mg,TABLET,,Xenon Pharmaceuticals (Pvt.) Ltd.,,BOX,TABLET,10,f,NONE,EXEMPT,5,0,PURCHASE,t,2026-06-01 13:43:23.492101+00,2026-06-01 13:43:23.492101+00,
241,VEL5500-CAP,08964001589211,Velosef 500mg,Cephradine 500mg,500mg,CAPSULE,,GlaxoSmithKline Pakistan Limited,,BOX,CAPSULE,12,f,NONE,EXEMPT,24,0,PURCHASE,t,2026-05-31 09:40:00.209936+00,2026-06-01 20:30:40.169242+00,
234,VIBE100-CAP,08964001691259,Vibecin,Doxycycline 100mg,100mg,CAPSULE,,Magns pharmaceuticals,,BOX,CAPSULE,100,f,NONE,EXEMPT,100,0,PURCHASE,t,2026-05-31 09:33:32.104789+00,2026-05-31 09:33:32.104789+00,
232,VIDL-SYR,08002660023285,Vidaylin L,Multivitamin + Lipotropic + Lysine Syrup,,SYRUP,,Abbott Laboratories (Pakistan) Ltd,,BOX,BOTTLE,1,f,NONE,EXEMPT,3,0,PURCHASE,t,2026-05-31 09:30:17.824876+00,2026-05-31 09:30:17.824876+00,
100,VOLE-GEL,08964001549147,Voltral Emulgel 2% 20g,Diclofenac Diethylamine,,GEL,,Haleon Pakistan Limited,,BOX,TUBE,1,f,NONE,EXEMPT,1,0,PURCHASE,t,2026-05-22 14:04:43.373533+00,2026-05-22 14:04:43.373533+00,
281,VOL550-TAB,08964002142064,Volviron 50mg,Diclofenac Sodium 50mg,50mg,TABLET,,Briell Pharamaceuticals Pvt. Ltd.,,BOX,TABLET,20,f,NONE,EXEMPT,15,0,PURCHASE,t,2026-05-31 10:45:09.422975+00,2026-05-31 10:45:09.422975+00,
280,VOLS100-TAB,08964002142071,Volviron-SR  100mg,Diclofenac Sodium 100mg,100mg,TABLET,,Briell Pharamaceuticals Pvt. Ltd.,,BOX,TABLET,30,f,NONE,EXEMPT,20,0,PURCHASE,t,2026-05-31 10:44:26.028188+00,2026-05-31 10:44:26.028188+00,
117,VONC-CAP,00001949702818,Vonita Capsules,Multivitamin + Selenium + Zinc + Copper + Magnesium + Choline,,CAPSULE,,Bio-Labs Consumer Health,,BOX,CAPSULE,30,f,NONE,EXEMPT,60,0,PURCHASE,t,2026-05-23 05:36:47.41108+00,2026-06-01 15:19:15.907121+00,
237,VOXI500-TAB,08961101692254,Voxiquin,Levofloxacin 500mg,500mg,TABLET,,Highnoon Laboratories Ltd,,BOX,TABLET,9,f,NONE,EXEMPT,20,0,PURCHASE,t,2026-05-31 09:36:23.900701+00,2026-05-31 09:36:23.900701+00,
48,WECT-TAB,,Wecten Tablets,Ivermectin,,TABLET,,Xenon Pharmaceuticals (Pvt.) Ltd.,,BOX,TABLET,10,f,NONE,EXEMPT,20,0,PURCHASE,t,2026-05-22 11:59:49.966929+00,2026-05-22 11:59:49.966929+00,
93,ZEN2-TAB,08964001480587,Zentel 200mg Tablets,Albendazole,,TABLET,,GlaxoSmithKline Pakistan,,BOX,TABLET,2,f,NONE,EXEMPT,6,0,PURCHASE,t,2026-05-22 13:27:15.396507+00,2026-05-22 13:27:15.396507+00,
92,ZENS-SUS,08964001480150,Zentel Suspension 10ml,Albendazole,,SUSPENSION,,GlaxoSmithKline Pakistan,,BOX,BOTTLE,1,f,NONE,EXEMPT,3,0,PURCHASE,t,2026-05-22 13:23:46.901314+00,2026-05-22 13:23:46.901314+00,
278,ZET440168-SCH,,Zetaprazole 40,Omeprazole + Sodium Bicarbonate 40mg/1680mg,40mg/1680mg,SACHET,,Zeta Pharmaceuticals,,BOX,TABLET,10,f,NONE,EXEMPT,10,0,PURCHASE,t,2026-05-31 10:39:03.408367+00,2026-05-31 10:40:16.348881+00,
327,ZET4-VIA,,Zetaprazole 40mg IV Injection,Omeprazole Sodium 40mg IV Injection (Lyophilized),,INJECTION_VIAL,,Zeta Pharmaceuticals,,BOX,VIAL,1,f,NONE,EXEMPT,3,0,PURCHASE,t,2026-05-31 12:46:23.461232+00,2026-05-31 12:46:23.461232+00,
243,ZIBA250-TAB,08964002141050,Zibac,Azithromycin 250mg,250mg,TABLET,,Briell Pharamaceuticals Pvt. Ltd.,,BOX,TABLET,6,f,NONE,EXEMPT,12,0,PURCHASE,t,2026-05-31 09:41:31.362735+00,2026-05-31 09:41:31.362735+00,
202,ZINO-SOL,,Zincat-OD,Zinc Sulfate (Elemental Zinc),,ORAL_SOLUTION,,ATCO Laboratories Limited,,BOX,BOTTLE,1,f,NONE,EXEMPT,3,0,PURCHASE,t,2026-05-31 07:59:57.790414+00,2026-05-31 07:59:57.790414+00,
218,ZYLO100-TAB,08964001577683,Zyloric,Allopurinol 100mg,100mg,TABLET,,GlaxoSmithKline Pakistan Limited,,BOX,TABLET,50,f,NONE,EXEMPT,100,0,PURCHASE,t,2026-05-31 08:43:07.556631+00,2026-05-31 08:43:07.556631+00,
219,ZYL3300-TAB,08964001577690,Zyloric-300,Allopurinol 300mg,300mg,TABLET,,GlaxoSmithKline Pakistan Limited,,BOX,TABLET,30,f,NONE,EXEMPT,60,0,PURCHASE,t,2026-05-31 08:44:51.694566+00,2026-05-31 08:44:51.694566+00,
246,ZYMO400-TAB,08964002141043,Zymox,Moxifloxacin 400mg,400mg,TABLET,,Briell Pharmaceuticals Pvt. Ltd,,BOX,TABLET,4,f,NONE,EXEMPT,10,0,PURCHASE,t,2026-05-31 09:43:57.563375+00,2026-05-31 09:43:57.563375+00,
